No.,Given Name(s),M.I.,Last Name,Gender,Law School,Bar Admission (Year),County, Population (2010) ,Circuit,Subcircuit,Title,Assignment,Date First Appointed,Date(s) Reappointed,Date First Elected,Date(s) Retained,Party,Coding,,,,,,,
0,Maryam,,Ahmad,F,DePaul Univ.,2000,Cook,5.194 Million,1,1,Resident,Traffic,2014,,,,,PD,,,,,,,
1,Robert,,Balanoff,M,DePaul Univ.,1982,Cook,5.194 Million,1,1,Resident,Child Protection,,,2004,2010,Democrat,PP,,,,,,,
2,Rodney,,Brooks (Hughes),M,Northwestern Univ.,1980,Cook,5.194 Million,1,1,Resident,Juvenile Justice,,,1994,"1998, 2000, 2006, 2012",Democrat,PP,,,,,,,
3,Bonita,,Coleman,F,U. Iowa,1992,Cook,5.194 Million,1,1,Resident,Domestic Relations,,,2010,,Democrat,"PP, O",,,,,,,
4,Donna,L,Cooper,F,DePaul Univ.,1981,Cook,5.194 Million,1,1,Resident,Juvenile Justice,,,2008,2014,,"PD, O",,,,,,,
5,Orville,E,Hambright Jr.,M,DePaul Univ.,1977,Cook,5.194 Million,1,1,Resident,Municipal,2005,,2006,2012,Democrat,"PP, O",,,,,,,
6,Sharon,O,Johnson,F,Howard  Univ.,1996,Cook,5.194 Million,1,1,Resident,Domestic Relations,,,2010,,Democrat,"PP, O",,,,,,,
7,LeRoy,K,Martin Jr.,M,North Carolina Central Univ.,1984,Cook,5.194 Million,1,1,Resident,Chancery ,2002,,2004,2010,,"PD, PP",,,,,,,
8,Anthony,E,Simpkins,M,Loyola Univ. Chicago,1994,Cook,5.194 Million,1,1,Resident,Municipal,2014,,,,,O,,,,,,,
9,Carl,A,Walker,M,U. Iowa,1992,Cook,5.194 Million,1,1,Resident,Law,2006,,2006,2012,Democrat,"PP, O",,,,,,,
10,Thaddeus,L,Wilson,M,Northern Illinois Univ.,1994,Cook,5.194 Million,1,1,Resident,Criminal,2007,2008,2010,,,"PP, O",,,,,,,
11,Carl,B,Boyd,M,Drake Univ.,1991,Cook,5.194 Million,1,2,Resident,Municipal,,,2012,,Democrat,PP,,,,,,,
12,Marjorie,C,Laws,F,Northwestern Univ.,1977,Cook,5.194 Million,1,2,Resident,Municipal,,,1996,"2002, 2008, 2014",Democrat,SA,,,,,,,
13,James,L,Rhodes,M,U. Michigan,1975,Cook,5.194 Million,1,2,Resident,Municipal,,,1996,"2002, 2008, 2014",Democrat,PD,,,,,,,
14,Valarie,E,Turner,F,Univ. Chicago,1991,Cook,5.194 Million,1,2,Resident,Municipal,,,2002,"2008, 2014",Democrat,"PP, O",,,,,,,
15,John,D,Turner Jr.,M,DePaul Univ.,1984,Cook,5.194 Million,1,2,Resident,Municipal,,,1998,"2004, 2010",Democrat,O,,,,,,,
16,Steven,G,Watkins,M,DePaul Univ.,1991,Cook,5.194 Million,1,2,Resident,Municipal,2014,,,,Democrat,"PP, O",,,,,,,
17,Camille,E,Willis,F,Ohio State Univ.,1984,Cook,5.194 Million,1,2,Resident,Municipal,1995,1998,2000,"2006, 2012",Democrat,O,,,,,,,
18,E. Kenneth,,Wright Jr.,M,Northwestern Univ.,1977,Cook,5.194 Million,1,2,Resident,Municipal,1994,,1994,"2000. 2006, 2012",Democrat,"PP, O",,,,,,,
19,Janet,,Adams-Brosnahan,F,DePaul Univ.,1990,Cook,5.194 Million,1,3,Resident,Law,,,2002,"2008, 2014",,"PP, O",,,,,,,
20,Daniel,R,Degnan,M,Loyola Univ. Chicago,1995,Cook,5.194 Million,1,3,Resident,Domestic Relations,,,2012,,Democrat,PP,,,,,,,
21,Maureen,F,Delehanty,F,John Marshall,1992,Cook,5.194 Million,1,3,Resident,Municipal,2009,2010,2012,,Democrat,SA,,,,,,,
22,Deniese,K,Filan,F,John Marshall,1989,Cook,5.194 Million,1,3,Resident,Municipal,,,1998,"2004, 2010",,PP,,,,,,,
23,Peter,A,Flynn,M,Yale Univ.,1969,Cook,5.194 Million,1,3,Resident,Chancery,1999,,2000,"2006, 2012",,PP,,,,,,,
24,Edward,S,Harmening,M,John Marshall,1994,Cook,5.194 Million,1,3,Resident,Law,2008,,2010,,Democrat,"SA, PP",,,,,,,
25,Daniel,B,Malone,M,DePaul Univ.,1986,Cook,5.194 Million,1,3,Resident,Probate,2009,,2010,,,PP,,,,,,,
26,Terrence,J,McGuire,M,Loyola Univ. Chicago,1991,Cook,5.194 Million,1,3,Resident,Municipal ,,,2014,,Democrat,PP,,,,,,,
27,Thomas,W,Murphy,M,John Marshall,1979,Cook,5.194 Million,1,3,Resident,Municipal,,,2006,2012,Democrat,PP,,,,,,,
28,Allen,F,Murphy,M,Creighton Univ.,1991,Cook,5.194 Million,1,3,Resident,Municipal,2008,,2010,,Democrat,"SA, O",,,,,,,
29,Patrick,J,Sherlock,M,U. Illinois,1990,Cook,5.194 Million,1,3,Resident,Law,2007,,2008,2014,Democrat,PP,,,,,,,
30,Kenneth,J,Wadas,M,John Marshall,1975,Cook,5.194 Million,1,3,Resident,Criminal,,,1996,"2002, 2008, 2014",Democrat,"SA, PP",,,,,,,
31,John,M,Allegretti,M,St. Thomas Univ.,1995,Cook,5.194 Million,1,4,Resident,Municipal,2014,,2014,,Democrat,"SA, PP, O",,,,,,,
32,Thomas,M,Davy,M,DePaul Univ.,1971,Cook,5.194 Million,1,4,Resident,Criminal,,,1992,"1998, 2004, 2010",,"SA, O",,,,,,,
33,Peter,A,Felice,M,John Marshall,1976,Cook,5.194 Million,1,4,Resident,Municipal,,,2002,"2008, 2014",Democrat,PP,,,,,,,
34,Terry,,Gallagher,M,Seattle Univ.,1988,Cook,5.194 Million,1,4,Resident,Municipal,,,2012,,Democrat,"PP, O",,,,,,,
35,James,J,Gavin,M,Northern Illinois Univ.,1985,Cook,5.194 Million,1,4,Resident,Municipal,,,1996,"2002, 2008, 2014",,PP,,,,,,,
36,Edward,J,King,M,John Marshall,1981,Cook,5.194 Million,1,4,Resident,Municipal,2014,,,,Democrat,"PP, O",,,,,,,
37,John,J,Mahoney,M,Chicago-Kent,1984,Cook,5.194 Million,1,4,Resident,Municipal,,,2014,,Democrat,"SA, O",,,,,,,
38,Edward,M,Maloney,M,John Marshall,1978,Cook,5.194 Million,1,4,Resident,Municipal,,,2012,,Democrat,"PP, O",,,,,,,
39,James,G,Riley,M,John Marshall,1982,Cook,5.194 Million,1,4,Resident,Probate,,,1996,"2002, 2008, 2014",Republican,PP,,,,,,,
40,Patrick,T,Rogers,M,Northern Illinois Univ.,1983,Cook,5.194 Million,1,4,Resident,Municipal,,,2008,2014,Democrat,"SA, PP",,,,,,,
41,James,M,Varga,M,Notre Dame Univ.,1978,Cook,5.194 Million,1,4,Resident,Law,,,1994,"2000, 2006, 2012",Republican,"SA, PP",,,,,,,
42,Patricia,,Banks,F,U. Wisconsin-Madison,1973,Cook,5.194 Million,1,5,Resident,Elder Law and Miscellaneous Remedies,,,1994,"2000, 2006, 2012",Democrat,"PP, O",,,,,,,
43,Loretta,,Eadie-Daniels,F,DePaul Univ.,1977,Cook,5.194 Million,1,5,Resident,Chancery,,,2000,"2006, 2012",Democrat,"SA, O",,,,,,,
44,Timothy,C,Evans,M,John Marshall,1969,Cook,5.194 Million,1,5,Resident,Chief Judge of the Circuit,,,1992,"1998, 2004, 2010",,"PP, O",,,,,,,
45,Rickey,,Jones,M,Houston College,1986,Cook,5.194 Million,1,5,Resident,Criminal,,,1996,"2002, 2008, 2014",Democrat,"SA, O",,,,,,,
46,Casandra,,Lewis,F,John Marshall,1991,Cook,5.194 Million,1,5,Resident,Law,,,2002,"2008, 2014",Democrat,"SA, PP, O",,,,,,,
47,Freddrenna,M,Lyle,F,John Marshall,1980,Cook,5.194 Million,1,5,Resident,Elder Law and Miscellaneous Remedies,2011,2012,,,Democrat,"PP, O",,,,,,,
48,Jackie,M,Portman,F,Thomas Cooley,1999,Cook,5.194 Million,1,5,Resident,Municipal,,,2008,2014,Democrat,"SA, O",,,,,,,
49,Dominique,C,Ross,F,Loyola Univ. Chicago,1995,Cook,5.194 Million,1,5,Resident,Domestic Relations,,,2008,2014,Democrat,"PP, O",,,,,,,
50,Diane,M,Shelley,F,U. Iowa,1984,Cook,5.194 Million,1,5,Resident,Municipal,,,2006,2012,Democrat,"PP, O",,,,,,,
51,Robin,,Shoffner,F,Creighton Univ.,1990,Cook,5.194 Million,1,5,Resident,Municipal,2014,,,,,"PP, O",,,,,,,
52,Edward,,Washington II,M,Washington Univ. St. Louis,1983,Cook,5.194 Million,1,5,Resident,Law,2002,,2004,2010,,"PP, O",,,,,,,
53,Mauricio,,Araujo,M,Loyola Univ. Chicago,1993,Cook,5.194 Million,1,6,Resident,Criminal,,,2008,2014,Democrat,"PP, O",,,,,,,
54,Gloria,,Chevere,F,John Marshall,1981,Cook,5.194 Million,1,6,Resident,Municipal,,,2006,2012,,"PP, O",,,,,,,
55,Anna,M,Loftus,F,Loyola Univ. Chicago,1998,Cook,5.194 Million,1,6,Resident,Chancery,2014,,,,,"PP, O",,,,,,,
56,Robert,,Lopez Cepero,M,U. Michigan,1984,Cook,5.194 Million,1,6,Resident,Law,1994,,1994,"2000, 2006, 2012",Democrat,PP,,,,,,,
57,Marya,,Nega,F,Loyola Univ. Chicago,1980,Cook,5.194 Million,1,6,Resident,Domestic Relations,,,1994,"2000, 2006, 2012",,O,,,,,,,
58,Ramon,,Ocasio III,M,Northeastern Univ.,1989,Cook,5.194 Million,1,6,Resident,Municipal,,,2006,2012,Democrat,PD,,,,,,,
59,Kathleen,M,Pantle,F,Loyola Univ. Chicago,1982,Cook,5.194 Million,1,6,Resident,Chancery,,,1998,"2004, 2010",Democrat,"PD, PP",,,,,,,
60,Edmund,,Ponce de Leon,M,John Marshall,1984,Cook,5.194 Million,1,6,Resident,Law,,,1996,"2002, 2008, 2014",,PP,,,,,,,
61,Beatriz,,Santiago,F,John Marshall,1996,Cook,5.194 Million,1,6,Resident,Municipal,,,2012,,Democrat,"PD, PP",,,,,,,
62,Raul,,Vega,M,Loyola Univ. Chicago,1982,Cook,5.194 Million,1,6,Resident,Domestic Relations,,,2002,"2008, 2014",Democrat,PP,,,,,,,
63,Tommy,H,Brewer,M,Northwestern Univ.,1976,Cook,5.194 Million,1,7,Resident,Municipal,2010,,2012,,Democrat,"SA, PP, O",,,,,,,
64,William,G,Gamboney,M,Chicago-Kent,1977,Cook,5.194 Million,1,7,Resident,Juvenile Justice,,,2012,,Democrat,"SA, PP",,,,,,,
65,Carol,M,Howard,F,U. Wisconsin-Madison,1986,Cook,5.194 Million,1,7,Resident,Criminal,,,2006,2012,Democrat,O,,,,,,,
66,Marianne,,Jackson,F,U. Illinois,1973,Cook,5.194 Million,1,7,Resident,Juvenile Justice,1997,"2001, 2005, 2009, 2011, 2015",,,,"SA, PP, O",,,,,,,
67,Robert,D,Kuzas,M,John Marshall,1989,Cook,5.194 Million,1,7,Resident,Municipal,,,2014,,Democrat,PP,,,,,,,
68,Kimberly,D,Lewis,F,Valparaiso Univ.,2001,Cook,5.194 Million,1,7,Resident,Child Protection,,,2012,,Democrat,"SA, PP, O",,,,,,,
69,Aicha,,MacCarthy,F,DePaul Univ.,1997,Cook,5.194 Million,1,7,Resident,Probate,,,2012,,Democrat,"PP, O",,,,,,,
70,Patricia,M,Martin,F,Northern Illinois Univ.,1986,Cook,5.194 Million,1,7,Resident,Child Protection,,,1996,"2002, 2008, 2012",Democrat,PD,,,,,,,
71,Judith,C,Rice,F,John Marshall,1988,Cook,5.194 Million,1,7,Resident,Municipal ,2014,,2014,,Democrat,O,,,,,,,
72,Patricia ,S,Spratt,F,Loyola Univ. Chicago,N.A.,Cook,5.194 Million,1,7,Resident,,N.A.,,N.A.,,,N.A.,,,,,,,
73,Ann,,Collins-Dole,F,Loyola Univ. Chicago,1990,Cook,5.194 Million,1,8,Resident,Probate,,,2008,2014,Democrat,O,,,,,,,
74,John,H,Ehrlich,M,Northwestern Univ.,1988,Cook,5.194 Million,1,8,Resident,Law,,,2012,,Democrat,"PP, O",,,,,,,
75,Candace,J,Fabri,F,Chicago-Kent,1975,Cook,5.194 Million,1,8,Resident,Child Protection,,,1996,"2002, 2008, 2014",Democrat,"PP, O",,,,,,,
76,John,J,Fleming,M,U. Illinois,1981,Cook,5.194 Million,1,8,Resident,Probate,,,1996,"2002, 2008, 2014",,"SA, O",,,,,,,
77,Celia,G,Gamrath,F,John Marshall,1994,Cook,5.194 Million,1,8,Resident,Domestic Relations,2010,,2012,,Democrat,"PP, O",,,,,,,
78,Deborah,J,Gubin,F,John Marshall,1975,Cook,5.194 Million,1,8,Resident,Municipal,2010,,2012,,Democrat,"PD, O",,,,,,,
79,Thomas,J,Lipscomb,M,DePaul Univ.,1973,Cook,5.194 Million,1,8,Resident,Law,,,2002,"2008, 2014",Democrat,"PD, PP, O",,,,,,,
80,Laura,C,Liu,F,Univ. Cincinnati ,1991,Cook,5.194 Million,1,8,Resident,Second,2010,,2012,,Democrat,PP,,,,,,,
81,Mary,L,Mikva,F,Northwestern Univ.,1980,Cook,5.194 Million,1,8,Resident,Chancery,,,2004,2010,Democrat,"PP, O",,,,,,,
82,Sheryl,A,Pethers,F,Chicago-Kent,1991,Cook,5.194 Million,1,8,Resident,Municipal,,,2004,2010,Democrat,"PP, O",,,,,,,
83,Larry,G,Axelrood,M,Chicago-Kent,1985,Cook,5.194 Million,1,9,Resident,Municipal,2005,"2007, 2011",2012,,Democrat,"SA, PP",,,,,,,
84,Steven,J,Bernstein,M,DePaul Univ.,1971,Cook,5.194 Million,1,9,Resident,Juvenile Justice,,,2010,,Democrat,"PP, O",,,,,,,
85,Jeanne,R,Cleveland,F,DePaul Univ.,1971,Cook,5.194 Million,1,9,Resident,Domestic Relations,,,2004,2010,,"PP, O",,,,,,,
86,Jerry,A,Esrig,M,Univ. Chicago,1978,Cook,5.194 Million,1,9,Resident,Municipal,2013,,2014,,Democrat,"PP, O",,,,,,,
87,Megan,E,Goldish,F,Northwestern Univ.,1997,Cook,5.194 Million,1,9,Resident,Domestic Violence,,,2014,,Democrat,SA,,,,,,,
88,Anjana,M.J.,Hansen,F,John Marshall,1998,Cook,5.194 Million,1,9,Resident,Municipal,,,2014,,Democrat,"SA, PP",,,,,,,
89,Moshe,,Jacobius,M,DePaul Univ.,1975,Cook,5.194 Million,1,9,Resident,Chancery,1991,,1994,"2000, 2006, 2012",Democrat,O,,,,,,,
90,Lionel,,Jean-Baptiste,M,Chicago-Kent,1991,Cook,5.194 Million,1,9,Resident,Domestic Relations,2011,,2012,,Democrat,"PP, O",,,,,,,
91,Geary,W,Kull,M,John Marshall,1974,Cook,5.194 Million,1,9,Resident,Municipal,2009,,2010,,Democrat,"PD, PP, O",,,,,,,
92,Marvin,P,Luckman,M,Chicago-Kent,1963,Cook,5.194 Million,1,9,Resident,Municipal,1992,,1992,"2000, 2006, 2012",Democrat,O,,,,,,,
93,Abbey,,Romanek (Fishman),F,Chicago-Kent,1987,Cook,5.194 Million,1,9,Resident,Municipal,2014,,2014,,Democrat,"PP, O",,,,,,,
94,Thomas,R,Allen,M,Chicago-Kent,1977,Cook,5.194 Million,1,10,Resident,Chancery,2010,,2012,,Democrat,"PD, PP",,,,,,,
95,Diana,L,Kenworthy,F,Ohio State Univ.,1975,Cook,5.194 Million,1,10,Resident,Domestic Violence,,,2008,2014,Democrat,"PD, PP, O",,,,,,,
96,Anthony,C,Kyriakopoulos,M,John Marshall,1990,Cook,5.194 Million,1,10,Resident,Chancery,2010,2012,2014,,Democrat,SA,,,,,,,
97,James,M,McGing,M,DePaul Univ.,1986,Cook,5.194 Million,1,10,Resident,Law,,,2006,2012,,"SA, O",,,,,,,
98,Clare,E,McWilliams,F,John Marshall,1988,Cook,5.194 Million,1,10,Resident,Law,,,2004,2010,,"PP, O",,,,,,,
99,William,T,O'Brien,M,Chicago-Kent,1984,Cook,5.194 Million,1,10,Resident,Criminal,,,2002,"2008, 2014",Democrat,"SA, PP",,,,,,,
100,Eileen,,O'Neill Burke,F,Chicago-Kent,1990,Cook,5.194 Million,1,10,Resident,Law,,,2008,2014,Democrat,"SA, PP",,,,,,,
101,Eve,M,Reilly,F,John Marshall,1997,Cook,5.194 Million,1,10,Resident,Municipal,2014,,,,Democrat,"SA, PP",,,,,,,
102,Donald,J,Suriano,M,John Marshall,1983,Cook,5.194 Million,1,10,Resident,Law,,,1996,"2002, 2008, 2014",Democrat,"SA, O",,,,,,,
103,Ursula,,Walowski,F,Chicago-Kent,1993,Cook,5.194 Million,1,10,Resident,Domestic Violation,,,2008,2014,Democrat,"SA, O",,,,,,,
104,Gregory,J,Wojkowski,M,John Marshall,1979,Cook,5.194 Million,1,10,Resident,Law,,,1996,"2002, 2008, 2012",Democrat,O,,,,,,,
105,Ronald,F,Bartkowicz,M,Loyola Univ. Chicago,1965,Cook,5.194 Million,1,11,Resident,Law,1985,"1987, 1991, 1995, 1997",,"2000, 2006, 2012",Democrat,O,,,,,,,
106,Michael,R,Clancy,M,U. Illinois,1989,Cook,5.194 Million,1,11,Resident,Domestic Violence Division,2011,,2012,,Democrat,"SA, PP",,,,,,,
107,Ann,,Collins (Finley),F,Chicago-Kent,1985,Cook,5.194 Million,1,11,Resident,Municipal,,,2010,,Democrat,PD,,,,,,,
108,Paula,M,Daleo,F,John Marshall,1978,Cook,5.194 Million,1,11,Resident,Municipal,2003,,2004,2010,,"SA, PP",,,,,,,
109,Kathleen,G,Kennedy,F,Northwestern Univ.,1982,Cook,5.194 Million,1,11,Resident,Chancery,,,1996,"2002, 2008, 2014",Democrat,"PD, O",,,,,,,
110,Lisa,A,Marino,F,DePaul Univ.,1988,Cook,5.194 Million,1,11,Resident,Juvenile Justice,,,2012,,Democrat,"SA, PP",,,,,,,
111,Marc,W,Martin,M,Loyola Univ. Chicago,1987,Cook,5.194 Million,1,11,Resident,Municipal,2014,,,,,PP,,,,,,,
112,Dennis,M,McGuire,M,DePaul Univ.,1987,Cook,5.194 Million,1,11,Resident,Municipal,,,2002,"2008, 2014",Democrat,SA,,,,,,,
113,Pamela,,McLean Meyerson,F,Univ. Chicago,1983,Cook,5.194 Million,1,11,Resident,Chancery,2013,,2014,,Democrat,PP,,,,,,,
114,Mary,C,Roberts,F,DePaul Univ.,1989,Cook,5.194 Million,1,11,Resident,Criminal,,,2006,2012,,"SA, O",,,,,,,
115,William,B,Sullivan,M,DePaul Univ.,1992,Cook,5.194 Million,1,11,Resident,Municipal,2015,,,,,"PP, O",,,,,,,
116,Grace,G,Dickler,F,Northwestern Univ.,1978,Cook,5.194 Million,1,12,Resident,Domestic Relations,1988,,2006,2012,Democrat,"PP, O",,,,,,,
117,Roger,G,Fein,M,Northwestern Univ.,1965,Cook,5.194 Million,1,12,Resident,Municipal,2003,"2004, 2014",,,,PP,,,,,,,
118,Ellen,L,Flannigan,F,Loyola Univ. Chicago,1988,Cook,5.194 Million,1,12,Resident,Domestic Relations,,,2006,2012,Democrat,PP,,,,,,,
119,Kay,M,Hanlon,F,DePaul Univ.,1985,Cook,5.194 Million,1,12,Resident,Municipal,,,2004,2010,Republican,"SA, PP",,,,,,,
120,Joseph,G,Kazmierski Jr.,M,Chicago-Kent,1973,Cook,5.194 Million,1,12,Resident,Criminal,1994,,1994,"2000, 2006, 2012",,SA,,,,,,,
121,Pamela,E,Loza,F,Chicago-Kent,1978,Cook,5.194 Million,1,12,Resident,Domestic Relations,,,2008,2014,Democrat,"SA, PP, O",,,,,,,
122,William,O,Maki,M,DePaul Univ.,1973,Cook,5.194 Million,1,12,Resident,Municipal,,,1992,"1998, 2004, 2010",,"SA, PP",,,,,,,
123,Veronica,B,Mathein,F,DePaul Univ.,1984,Cook,5.194 Million,1,12,Resident,Domestic Relations,,,1996,"2002, 2008, 2014",,PP,,,,,,,
124,James,P,Piezconka,M,John Marshall,1983,Cook,5.194 Million,1,12,Resident,Municipal,,,2014,,Republican,"PP, O",,,,,,,
125,Andrea,M,Schleifer,F,Loyola Univ. Chicago,1979,Cook,5.194 Million,1,12,Resident,Domestic Relations,2010,,2012,,Democrat,PP,,,,,,,
126,Carrie,H,Sussman,F,Northwestern Univ.,1996,Cook,5.194 Million,1,12,Resident,Municipal,2015,,,,,"PP, O",,,,,,,
127,Martin,S,Agran,M,DePaul Univ.,,Cook,5.194 Million,1,13,Resident,Municipal,1994,,1994,"2000, 2006, 2012",Republican,"SA, PP, O",,,,,,,
128,Clayton,J,Crane,M,Hamline Univ.,1975,Cook,5.194 Million,1,13,Resident,Criminal,,,1996,"2002, 2008, 2014",Republican,"SA, PP, O",,,,,,,
129,John,J,"Curry, Jr.",M,Vanderbilt Univ.,,Cook,5.194 Million,1,13,Resident,Municipal,,,2014,,Republican,"PP, O",,,,,,,
130,Thomas,J,Kelley,M,DePaul Univ.,1984,Cook,5.194 Million,1,13,Resident,Domestic Relations,,,2004,2010,,PP,,,,,,,
131,Martin,C,Kelley,M,Thomas Cooley,1992,Cook,5.194 Million,1,13,Resident,Municipal,,,2012,,Republican,PP,,,,,,,
132,Margarita,T,Kulys Hoffman,F,DePaul Univ.,1983,Cook,5.194 Million,1,13,Resident,County,2006,2008,2008,2014,Republican,"PP, O",,,,,,,
133,Jeffrey,,Lawrence,M,Chicago-Kent,1969,Cook,5.194 Million,1,13,Resident,Law,,,1992,"1998, 2004, 2010",,PP,,,,,,,
134,Jill,C,Marisie,F,John Marshall,,Cook,5.194 Million,1,13,Resident,Municipal,,,2006,2012,,"SA, PP",,,,,,,
135,Ann,,O'Donnell,F,Thomas Cooley,1987,Cook,5.194 Million,1,13,Resident,Municipal,,,2008,2014,Republican,"PD, PP",,,,,,,
136,Paul,S,Pavlus,M,John Marshall,1993,Cook,5.194 Million,1,13,Resident,Municipal,,,2012,,Republican,SA,,,,,,,
137,Edward,A,Arce,M,Chicago-Kent,1985,Cook,5.194 Million,1,14,Resident,Domestic Relations,2008,,2008,2014,Democrat,PP,,,,,,,
138,Robert,W,Bertucci,M,Chicago-Kent,1983,Cook,5.194 Million,1,14,Resident,County,,,1992,"1998, 2003, 2010",Democrat,"SA, PP",,,,,,,
139,James,R,Brown,M,Chicago-Kent,1990,Cook,5.194 Million,1,14,Resident,Municipal,,,2002,"2008, 2014",Democrat,"SA, PP",,,,,,,
140,Rodolfo,,Garcia,M,Univ. Chicago,1981,Cook,5.194 Million,1,14,Resident,Chancery,,,1996,"2002, 2008, 2014",Democrat,"PP, O",,,,,,,
141,Raymond,L,Jagielski,M,John Marshall,1981,Cook,5.194 Million,1,14,Resident,Municipal,,,1992,"1998, 2004, 2010",Republican,"PD, PP",,,,,,,
142,William,G,Lacy,M,John Marshall,1983,Cook,5.194 Million,1,14,Resident,Criminal,,,1996,"2002, 2008, 2014",Democrat,"SA, PP, O",,,,,,,
143,James,N,O'Hara,M,Univ. Bridgeport ,1981,Cook,5.194 Million,1,14,Resident,Law,2008,,2008,2014,Democrat,"PD, PP, O",,,,,,,
144,Lisa,,Ruble Murphy,F,Chicago-Kent,1984,Cook,5.194 Million,1,14,Resident,Domestic Relations,,,1994,"2000, 2006, 2012",,O,,,,,,,
145,Regina,A,Scannicchio,F,John Marshall,1989,Cook,5.194 Million,1,14,Resident,Domestic Relations,2011,,2012,,Democrat,PP,,,,,,,
146,Maura,,Slattery Boyle,F,John Marshall,1993,Cook,5.194 Million,1,14,Resident,Criminal,,,2000,"2006, 2012",Democrat,SA,,,,,,,
147,Daniel,P,Brennan,M,Loyola Univ. Chicago,1995,Cook,5.194 Million,1,15,Resident,Chancery,,,2006,2012,Democrat,O,,,,,,,
148,Charles,P,Burns,M,Loyola Univ. Chicago,1981,Cook,5.194 Million,1,15,Resident,Criminal,,,1998,"2004, 2010",Democrat,SA,,,,,,,
149,Patrick,K,Coughlin,M,DePaul Univ.,1996,Cook,5.194 Million,1,15,Resident,Municipal,,,2014,,Democrat,SA,,,,,,,
150,Anna,H,Demacopoulos,F,John Marshall,1985,Cook,5.194 Million,1,15,Resident,Municipal,,,2008,2014,Democrat,"SA, O",,,,,,,
151,John,C,Griffin,M,DePaul Univ.,1976,Cook,5.194 Million,1,15,Resident,Law,2008,,2010,,,"PP, O",,,,,,,
152,Linzey,D,Jones,M,U. Illinois,1982,Cook,5.194 Million,1,15,Resident,Municipal,,,2010,,,PP,,,,,,,
153,Christopher,E,Lawler,M,Chicago-Kent,1988,Cook,5.194 Million,1,15,Resident,Municipal,2013,,2014,,Democrat,PP,,,,,,,
154,James [Jim],J,Ryan,M,John Marshall,1992,Cook,5.194 Million,1,15,Resident,Municipal,,,2004,"2010, 2014",Democrat,"SA, O",,,,,,,
155,George,F,Scully Jr.,M,John Marshall,1981,Cook,5.194 Million,1,15,Resident,Municipal,2009,,2010,,Democrat,PP,,,,,,,
156,Frank,G,Zelezinski,M,John Marshall,1983,Cook,5.194 Million,1,15,Resident,Municipal,,,1996,"2002, 2008, 2014",Democrat,SA,,,,,,,
157,Sophia,H,Hall,F,Northwestern Univ.,1967,Cook,5.194 Million,1, ,Resident,Chancery,,,1980,"1986, 1992, 1998, 2004, 2010",Democrat,"PP, O",,,,,,,
158,Irwin,J,Solganick,M,Chicago-Kent,1972,Cook,5.194 Million,1, ,Resident,Law,,,1986,"1992, 1998, 2004, 2010",Republican,"SA, PP",,,,,,,
159,Michael,P,Toomin,M,DePaul Univ.,1967,Cook,5.194 Million,1, ,Resident,Juvenile Justice,1980,,1984,2014,Republican,"PD, PP",,,,,,,
160,Sandra,,Tristano,F,Washington Univ. St. Louis,1977,Cook,5.194 Million,1, ,Resident,Municipal,,,2002,"2008, 2014",Republican,O,,,,,,,
161,Alexander,P,White,M,Chicago-Kent,1964,Cook,5.194 Million,1, ,Resident,Law,,,1986,"1992, 1998, 2004, 2010",Republican,"PP, O",,,,,,,
162,Carmen,K,Aguilar,F,American Univ.,1990,Cook,5.194 Million,1,,Associate,Municipal,2009,"2011,  2015",,,Democrat,"SA, O",,,,,,,
163,Gregory,E,Ahern Jr.,M,Southern Illinois Univ.,1995,Cook,5.194 Million,1,,Associate,Domestic Relations,2012,"2014, 2015",,,Democrat,SA,,,,,,,
164,David,B,Atkins,M,U. Illinois,1980,Cook,5.194 Million,1,,Associate,Chancery,2003,"2007, 2011, 2015",,,,"SA, PP, O",,,,,,,
165,Callie,L,Baird,F,U. Iowa,1988,Cook,5.194 Million,1,,Associate,Domestic Violence,2007,"2007, 2011, 2015",,,,"PD, PP, O",,,,,,,
166,Mark,J,Ballard,M,Loyola Univ. Chicago,1983,Cook,5.194 Million,1,,Associate,Municipal,1997,"2007, 2011, 2015",,,,PP,,,,,,,
167,Patrice,M,Ball-Reed,F,John Marshall,1985,Cook,5.194 Million,1,,Associate,Domestic Violence ,2008,"2011, 2015",,,Democrat,"SA, PP, O",,,,,,,
168,Carole,K,Bellows,F,Northwestern Univ.,1960,Cook,5.194 Million,1,,At Large,Domestic Relations,1986,,1988,"1994, 2000, 2006, 2012",Democrat,"PP, O",,,,,,,
169,Helaine,L,Berger,F,Chicago-Kent,1981,Cook,5.194 Million,1,,Associate,Domestic Relations,1997,"2007, 2011, 2015",,,Democrat,"PD, PP",,,,,,,
170,Laura,,Bertucci Smith,F,DePaul Univ.,1991,Cook,5.194 Million,1,,Associate,Domestic Violence,2007,"2008, 2011, 2015",,,Democrat,SA,,,,,,,
171,Samuel,J,Betar III,M,Loyola Univ. Chicago,1983,Cook,5.194 Million,1,,Associate,Municipal,1998,"1999, 2003, 2007, 2011, 2015",,,,PP,,,,,,,
172,Shuana,L,Boliker,F,DePaul Univ.,1989,Cook,5.194 Million,1,,Associate,Probate,2014,2015,,,,SA,,,,,,,
173,Yolande,M,Bourgeois,F,St. Louis Univ.,1979,Cook,5.194 Million,1,,Associate,Domestic Violence,,,2007,"2007, 2011, 2015",,"SA, PP, O",,,,,,,
174,Adam,D,Bourgeois Jr.,M,DePaul Univ.,1980,Cook,5.194 Million,1,,Associate,Municipal,,,1999,"2007, 2011, 2015",,PP,,,,,,,
175,Darron,E,Bowden,M,Texas Southern Univ.,1987,Cook,5.194 Million,1,,Associate,Municipal,2007,"2007. 2011, 2015",,,Democrat,"PD, PP, O",,,,,,,
176,Karen,J,Bowes,F,U. Mississipi,1980,Cook,5.194 Million,1,,Associate,Domestic Relations,2014,2015,,,,"PP, O",,,,,,,
177,William,S,Boyd,M,Northern Illinois Univ.,1981,Cook,5.194 Million,1,,Associate,Domestic Relations,1998,"2000, 2007, 2011, 2015",,,Democrat,PP,,,,,,,
178,Margaret,A,Brennan,F,Chicago-Kent,1987,Cook,5.194 Million,1,,At Large,Law,,,2002,"2008, 2014",Democrat,O,,,,,,,
179,Eileen,M,Brewer,F,Harvard Univ.,1987,Cook,5.194 Million,1,,At Large,Law,2002,,2002,"2008, 2014",Democrat,"PP, O",,,,,,,
180,Mary,M,Brosnahan,F,DePaul Univ.,1986,Cook,5.194 Million,1,,At Large,Criminal,,,2000,"2006, 2012",Democrat,"SA, O",,,,,,,
181,Elizabeth,M,Budzinski,F,Chicago-Kent,1989,Cook,5.194 Million,1,,Associate,Law,2003,"2007, 2011, 2015",,,,"SA, PP, O",,,,,,,
182,Andrea,M,Buford,F,Chicago-Kent,1986,Cook,5.194 Million,1,,At Large,Child Protection,2013,,2014,,Democrat,"PP, O",,,,,,,
183,Clarence,L,Burch,M,New York Univ.,1978,Cook,5.194 Million,1,,Associate,Municipal,2009,"2011, 2015",,,,PP,,,,,,,
184,Kathleen,M,Burke,F,Notre Dame Univ.,1989,Cook,5.194 Million,1,,At Large,Municipal,,,2004,2010,Democrat,SA,,,,,,,
185,Thomas,J,Byrne,M,Loyola Univ. Chicago,1989,Cook,5.194 Million,1,,At Large,Criminal,,,2008,2014,,SA,,,,,,,
186,Anthony,J,Calabrese,M,DePaul Univ.,1980,Cook,5.194 Million,1,,Associate,Municipal,2007,"2011, 2015",,,,"SA, PP",,,,,,,
187,John,P,Callahan Jr.,M,Chicago-Kent,1988,Cook,5.194 Million,1,,At Large,Law,2009,,2010,,,"SA, PP",,,,,,,
188,Diane,,Cannon (Gordon),F,John Marshall,1981,Cook,5.194 Million,1,,At Large,Criminal,,,1996,"2002, 2008, 2014",Democrat,SA,,,,,,,
189,Matthew,J,Carmody,M,John Marshall,1982,Cook,5.194 Million,1,,Associate,Municipal,2014,2015,,,,PP,,,,,,,
190,John,T,Carr,M,DePaul Univ.,1972,Cook,5.194 Million,1,,Associate,Domestic Relations,2007,"2007, 2011, 2015",,,Democrat,PP,,,,,,,
191,Thomas,J,Carroll,M,Chicago-Kent,1988,Cook,5.194 Million,1,,At Large,Municipal,2011,2012,2014,,Democrat,"PD, PP",,,,,,,
192,James,R,Carroll,M,John Marshall,1978,Cook,5.194 Million,1,,Associate,Traffic,2014,2015,,,,"SA, PP, O",,,,,,,
193,Joseph,M,Cataldo,M,John Marshall,1992,Cook,5.194 Million,1,,Associate,Municipal,2012,,,,,"SA, O",,,,,,,
194,Timothy,J,Chambers,M,Chicago-Kent,1980,Cook,5.194 Million,1,,Associate,Municipal,1997,"2007, 2011, 2015",,,,PD,,,,,,,
195,Peggy,,Chiampas,F,John Marshall,1990,Cook,5.194 Million,1,,Associate,Municipal,2007,"2007, 2011, 2015",,,,"SA, O",,,,,,,
196,Joseph,M,Claps,M,Chicago-Kent,1973,Cook,5.194 Million,1,,Associate,Criminal and Elder Law and Miscellaneous Remedies,1997,"2003, 2007, 2011, 2015",,,,"SA, O",,,,,,,
197,Evelyn,B,Clay,F,Creighton Univ.,1981,Cook,5.194 Million,1,,At Large,Criminal,,,1996,"2002, 2008, 2014",,"SA, PP",,,,,,,
198,LaGuina,,Clay-Herron,F,John Marshall,1992,Cook,5.194 Million,1,,Associate,County,2007,"2008, 2009, 2011, 2015",,,Democrat,"PP, O",,,,,,,
199,Robert,J,Clifford,M,Chicago-Kent,1979,Cook,5.194 Million,1,,Associate,Municipal,2005,"2007,2011, 2015",,,,"SA, PP",,,,,,,
200,Jean,M,Cocozza,F,Loyola Univ. Chicago,1989,Cook,5.194 Million,1,,At Large,Domestic Relations,2013,2014,,,,O,,,,,,,
201,Mary,E,Coghlan,F,DePaul Univ.,1981,Cook,5.194 Million,1,,At Large,Probate,1995,,1996,"2002, 2008, 2014",Democrat,"PD, PP, O",,,,,,,
202,Matthew,E,Coghlan,M,U. Illinois,1987,Cook,5.194 Million,1,,At Large,Criminal,,,2000,"2006, 2012",,SA,,,,,,,
203,Neil,H,Cohen,M,Univ. Miami,1976,Cook,5.194 Million,1,,Associate,Chancery,2009,"2011, 2015",,,,"SA, PP",,,,,,,
204,Susan,M,Coleman,F,Loyola Univ. Chicago,1980,Cook,5.194 Million,1,,Associate,Probate,1997,"2007, 2011, 2015",,,,"PD, PP",,,,,,,
205,Thomas,J,Condon,M,DePaul Univ.,1978,Cook,5.194 Million,1,,Associate,Municipal,1986,"2007, 2011, 2015",,,Democrat,PD,,,,,,,
206,Alison,,Conlon,F,Duke Univ.,2000,Cook,5.194 Million,1,,At Large,Municipal,2010,2015,,,,"PP, O",,,,,,,
207,Stephen,J,Connolly,M,DePaul Univ.,1971,Cook,5.194 Million,1,,Associate,Municipal,2009,"2011, 2015",,,,"SA, PP",,,,,,,
208,Lisa,R,Curcio,F,Loyola Univ. Chicago,1989,Cook,5.194 Million,1,,Associate,Chancery,2002,"2007, 2011, 2015",,,,"PP, O",,,,,,,
209,Israel,A,Desierto,M,Chicago-Kent,1990,Cook,5.194 Million,1,,Associate,Municipal,2005,"2007, 2011, 2015",,,,"SA, O",,,,,,,
210,Thomas,M,Donnelly,M,Loyola Univ. Chicago,1986,Cook,5.194 Million,1,,Associate,Municipal,2000,"2007, 2011, 2015",,,,"PD, O",,,,,,,
211,Deborah,M,Dooling,F,Chicago-Kent,1978,Cook,5.194 Million,1,,At Large,Law,,,1992,"1984, 2004, 2010",,SA,,,,,,,
212,Daniel,P,Duffy,M,Notre Dame Univ.,1995,Cook,5.194 Million,1,,At Large,Municipal,2014,,,,,"PP, O",,,,,,,
213,Laurence,J,Dunford,M,John Marshall,1971,Cook,5.194 Million,1,,At Large,Municipal,2003,,2004,2010,,PP,,,,,,,
214,Melissa,A,Durkin,F,Chicago-Kent,1995,Cook,5.194 Million,1,,Associate,Domestic Relations,2014,,,,,"SA, O",,,,,,,
215,Lynn,M,Egan,F,John Marshall,1985,Cook,5.194 Million,1,,At Large,Law,1995,,1996,"2002, 2008, & 2014",Democrat,"SA, PP",,,,,,,
216,Maureen,P,Feerick,F,Loyola Univ. Chicago,1984,Cook,5.194 Million,1,,Associate,Municipal,2005,"2007, 2011, 2015",,,,SA,,,,,,,
217,Rossana,P,Fernandez,F,Chicago-Kent,1997,Cook,5.194 Million,1,,At Large,Municipal,2015,,,,,PP,,,,,,,
218,Fe,,Fernandez,F,DePaul Univ.,1978,Cook,5.194 Million,1,,Associate,Domestic Relations,1997,"2007, 2011, 2015",,,,PD,,,,,,,
219,Brian,K,Flaherty,M,DePaul Univ.,1980,Cook,5.194 Million,1,,Associate,Municipal,2003,"2007, 2011, 2015",,,Democrat,"PD, PP, O",,,,,,,
220,Kathy,M,Flanagan,F,John Marshall,1979,Cook,5.194 Million,1,,At Large,Law,,,1988,"1994, 2000, 2006, 2012",,PP,,,,,,,
221,Thomas,E,Flanagan,M,Univ. Chicago,1965,Cook,5.194 Million,1,,At Large,Law,,,1984,"1990, 1996, 2002, 2008, 2014",Democrat,PP,,,,,,,
222,James,P,Flannery Jr.,M,John Marshall,1976,Cook,5.194 Million,1,,At Large,Law,1988,,1990,"1996, 2002, 2008, 2014",,"PP, O",,,,,,,
223,Lawrence,E,Flood,M,Northern Illinois Univ.,1984,Cook,5.194 Million,1,,Associate,Criminal,2001,"2007, 2011,  2015",,,,"SA, PP, O",,,,,,,
224,Nicholas,R,Ford,M,U. Iowa,1988,Cook,5.194 Million,1,,At Large,Criminal and Elder Law and Miscellaneous Remedies,1998,,1998,"2004, 2010",Democrat,SA,,,,,,,
225,Raymond,,Funderburk,M,U. Illinois,1978,Cook,5.194 Million,1,,At Large,Municipal,1993,,1994,"2000, 2006, 2012",Democrat,"PP, O",,,,,,,
226,Thomas,V,Gainer Jr.,M,John Marshall,1977,Cook,5.194 Million,1,,Associate,Criminal,2001,"2003, 2007, 2011,  2015",,,Democrat,"SA, PP, O",,,,,,,
227,Daniel,J,Gallagher,M,Notre Dame Univ.,1994,Cook,5.194 Million,1,,At Large,Municipal,,,2010,,,"PD, PP",,,,,,,
228,Vincent,M,Gaughan,M,DePaul Univ.,1972,Cook,5.194 Million,1,,At Large,Criminal,1991,,1992,"1998, 2004, 2010",Democrat,"SA, O",,,,,,,
229,Nicholas,,Geanopoulous,M,John Marshall,1983,Cook,5.194 Million,1,,Associate,Child Protection,2008,"2012, 2015",,,Democrat,"SA, PP",,,,,,,
230,Aleksandra,N,Gillespie,F,Loyola Univ. Chicago,1993,Cook,5.194 Million,1,,At Large,Municipal,2014,,,,,SA,,,,,,,
231,Daniel,T,Gillespie,M,John Marshall,1978,Cook,5.194 Million,1,,Associate,Law,1988,"1991, 1995, 1999, 2003, 2007, 2011, 2015",,,,"SA, PD, O",,,,,,,
232,Susan,Fox,Gillis,F,Chicago-Kent,1988,Cook,5.194 Million,1,,Associate,County and Elder Law and Miscellaneous Remedies,1999,"2003, 2007, 2011, 2015",,,,PP,,,,,,,
233,Gregory,R,Ginex,M,DePaul Univ.,1972,Cook,5.194 Million,1,,Associate,Municipal,2001,"2007, 2011, 2015",,,,"SA, PP, O",,,,,,,
234,Steven,J,Goebel,M,Loyola Univ. Chicago,1981,Cook,5.194 Million,1,,Associate,Criminal,2007,"2007, 2011, 2015",,,Republican,"SA, O",,,,,,,
235,Renee,G,Goldfarb,F,U. Illinois,1975,Cook,5.194 Million,1,,Associate,Domestic Relations,2005,"2007, 2011, 2015",,,,"SA, PP",,,,,,,
236,William,E,Gomolinski,M,John Marshall,1986,Cook,5.194 Million,1,,Associate,Law,2007,"2010, 2011, 2015",,,Democrat,"PP, O",,,,,,,
237,Lauren,,Gottaine-Edidin,F,DePaul Univ.,1989,Cook,5.194 Million,1,,Associate,Municipal,2007,"2007, 2011, 2015",,,,"SA, PP, O",,,,,,,
238,Joel,L,Greenblatt,M,Chicago-Kent,1966,Cook,5.194 Million,1,,Associate,Municipal,2004,"2007, 2011, 2015",,,,PP,,,,,,,
239,Maxwell,,Griffin Jr.,M,Notre Dame Univ.,1980,Cook,5.194 Million,1,,Associate,Child Protection,2003,"2007, 2011, 2015",,,,"SA, PP",,,,,,,
240,Catherine,M,Haberkorn,F,John Marshall,1981,Cook,5.194 Million,1,,At Large,Criminal,,,1995,"2000, 2006, 2012",,SA,,,,,,,
241,David,E,Haracz,M,"Univ. California, Hastings ",1989,Cook,5.194 Million,1,,Associate,Domestic Relations,2003,"2005, 2007, 2011, 2015",,,,O,,,,,,,
242,Russell,W,Hartigan,M,John Marshall,1976,Cook,5.194 Million,1,,At Large,Municipal ,2010,,2012,,Democrat,"PP, O",,,,,,,
243,Donald,R,Havis,M,Howard  Univ.,1983,Cook,5.194 Million,1,,Associate,Municipal,2005,"2007,2011, 2015",,,,SA,,,,,,,
244,Elizabeth,M,Hayes,F,Chicago-Kent,1986,Cook,5.194 Million,1,,At Large,Municipal,,,2012,,Democrat,"PD, O",,,,,,,
245,Thomas,J,Hennelly,M,DePaul Univ.,1980,Cook,5.194 Million,1,,Associate,Criminal,2005,"2007, 2011, 2015",,,Republican,"SA, PP, O",,,,,,,
246,Stanley,L,Hill,M,U. Michigan,1974,Cook,5.194 Million,1,,Associate,Municipal,2010,2012,,,Democrat,"SA, PP, O",,,,,,,
247,Arthur,F,Hill Jr.,M,Northwestern Univ.,1978,Cook,5.194 Million,1,,Associate,Criminal,2003,"2007, 2011, 2015",,,,"SA, PP",,,,,,,
248,Earl,B,Hoffenberg,M,DePaul Univ.,1971,Cook,5.194 Million,1,,Associate,Municipal,1983,"1987, 1991, 1995, 1999, 2003, 2007, 2011, 2015",,,Republican,"SA, PP, O",,,,,,,
249,Michael,J,Hood,M,DePaul Univ.,1990,Cook,5.194 Million,1,,Associate,Municipal,2014,2015,,,,"SA, O",,,,,,,
250,William,H,Hooks,M,Chicago-Kent,1981,Cook,5.194 Million,1,,At Large,Criminal,2008,,2010,,Democrat,"SA, PP, O",,,,,,,
251,Garritt,E,Howard,M,Chicago-Kent,N.A.,Cook,5.194 Million,1,,N.A,,1994,,2012,,,SA,,,,,,,
252,Arnette,R,Hubbard,F,John Marshall,1969,Cook,5.194 Million,1,,At Large,Law,1998,"2004, 2010",,,Democrat,PP,,,,,,,
253,John,L,Huff,M,Georgetown Univ.,1973,Cook,5.194 Million,1,,Associate,Child Protection,2008,"2011, 2015",,,,"PP, O",,,,,,,
254,Bridget,J,Hughes,F,John Marshall,1993,Cook,5.194 Million,1,,Associate,Municipal,2007,"2011, 2015",,,,"SA, PP",,,,,,,
255,Pamela,,Hughes-Gillespie,F,John Marshall,1986,Cook,5.194 Million,1,,Associate,Municipal  and Chancery,2007,"2007, 2011, 2015",,,,"SA, O",,,,,,,
256,Colleen,A,Hyland,F,DePaul Univ.,1986,Cook,5.194 Million,1,,Associate,Municipal,2001,"2007, 2011, 2015",,,,SA,,,,,,,
257,John,J,Hynes,M,Chicago-Kent,1982,Cook,5.194 Million,1,,Associate,Municipal,1999,"2003, 2007, 2011, 2015",,,,SA,,,,,,,
258,Cheyrl,D,Ingram,F,John Marshall,1979,Cook,5.194 Million,1,,At Large,Municipal,,,1992,"1998, 2004, 2010",Democrat,PD,,,,,,,
259,William,R,Jackson Jr.,M,Northwestern Univ.,1974,Cook,5.194 Million,1,,Associate,Municipal,2009,"2009, 2011, 2015",,,,"PP, O",,,,,,,
260,Marilyn,F,Johnson,F,U. Illinois,1980,Cook,5.194 Million,1,,At Large,Child Protection,2006,,"2008,",2014,Republican,O,,,,,,,
261,Lana,C,Johnson,F,U. Missouri,1988,Cook,5.194 Million,1,,Associate,Juvenile Justice,2012,2015,,,,PD,,,,,,,
262,Moira,S,Johnson,F,DePaul Univ.,1983,Cook,5.194 Million,1,,Associate,Law,2001,"2003, 2007, 2011, 2015",,,Democrat,"PP, O",,,,,,,
263,Michelle,D,Jordan,F,U. Michigan,1977,Cook,5.194 Million,1,,At Large,Municipal,,,2004,2010,,"SA, PP, O",,,,,,,
264,Timothy,J,Joyce,M,Catholic Univ.,1981,Cook,5.194 Million,1,,Associate,Criminal,2007,"2011, 2015",,,,"SA, PP",,,,,,,
265,Michael,J,Kane,M,John Marshall,1974,Cook,5.194 Million,1,,Associate,Municipal,2012,2015,,,,"SA, PP",,,,,,,
266,James,L,Kaplan,M,Chicago-Kent,1971,Cook,5.194 Million,1,,At Large,Domestic Relations,2010,"2012, 2014, 2015",,,Democrat,"PP, O",,,,,,,
267,James,N,Karahalios,M,DePaul Univ.,1970,Cook,5.194 Million,1,,Associate,Municipal,2005,"2007, 2011, 2015",,,,"SA, PP",,,,,,,
268,Paul,A,Karkula,M,Valparaiso Univ.,1980,Cook,5.194 Million,1,,At Large,County,1999,,2000,"2006, 2012",Democrat,"PD, PP, O",,,,,,,
269,Stuart,P,Katz,M,Washington Univ. St. Louis,1981,Cook,5.194 Million,1,,Associate,Juvenile Justice,2007,"2007, 2011, 2015",,,Democrat,"PD, PP",,,,,,,
270,Nancy,J,Katz,F,Chicago-Kent,1983,Cook,5.194 Million,1,,Associate ,Domestic Relations,1999,"2003, 2007, 2011, 2015",,,,O,,,,,,,
271,Kerry,M,Kennedy,M,Northern Illinois Univ.,1979,Cook,5.194 Million,1,,At Large,Municipal,,,2002,"2008, 2014",Democrat,PD,,,,,,,
272,Carol,A,Kipperman,F,U. Pennsylvania,1971,Cook,5.194 Million,1,,Associate,County,1988,"2011, 2015",,,,"PP, O",,,,,,,
273,John,P,Kirby,M,John Marshall,1983,Cook,5.194 Million,1,,At Large,Law,,,1998,"2004, 2010",Democrat,"SA, O",,,,,,,
274,Demetrios,G,Kottaras,M,Chicago-Kent,1984,Cook,5.194 Million,1,,Associate,Child Protection,2007,"2009,  2011, 2015",,,,"SA, PP, O",,,,,,,
275,Joan,M,Kubalanza,F,Chicago-Kent,1984,Cook,5.194 Million,1,,Associate,Domestic Relations,1998,"2008, 2012",,,Democrat,"PP, O",,,,,,,
276,Daniel,J,Kubasiak,M,Loyola Univ. Chicago,1981,Cook,5.194 Million,1,,At Large,Municipal,2012,,2014,,Democrat,"PP, O",,,,,,,
277,Maria,,Kuriakos Ciesil,F,Chicago-Kent,1990,Cook,5.194 Million,1,,Associate,Municipal,2007,"2007, 2011, 2015",,,Democrat,"SA, O",,,,,,,
278,Diane,J,Larsen,F,Loyola Univ. Chicago,1983,Cook,5.194 Million,1,,At Large,Chancery,,,1998,"2004, 2010",Democrat,O,,,,,,,
279,Kevin,T,Lee,M,Chicago-Kent,1983,Cook,5.194 Million,1,,Associate,Municipal,2014,2015,,,,"SA, PP, O",,,,,,,
280,Pamela,M,Leeming,F,John Marshall,1990,Cook,5.194 Million,1,,At Large,Municipal,2009,,2012,,Democrat,PD,,,,,,,
281,Alfred,L,Levinson,M,DePaul Univ.,1967,Cook,5.194 Million,1,,Associate,Domestic Relations,2005,"2007, 2011, 2015",,,,"SA, PP",,,,,,,
282,Neil,J,Linehan,M,John Marshall,1983,Cook,5.194 Million,1,,Associate,Criminal,1998,"2003, 2007, 2011, 2015",,,,SA,,,,,,,
283,James,B,Linn,M,John Marshall,1977,Cook,5.194 Million,1,,Associate,Criminal,1989,"2003, 2007, 2011, 2015",,,,"SA, PP",,,,,,,
284,Patricia,M,Logue,F,Northwestern Univ.,1986,Cook,5.194 Million,1,,Associate,Domestic Relations,2007,"2007, 2011, 2015",,,,"PP, O",,,,,,,
285,Mark,J,Lopez,M,Northern Illinois Univ.,1984,Cook,5.194 Million,1,,Associate,Domestic Relations,1999,"2005, 2007, 2011, 2015",,,,"SA, O",,,,,,,
286,Elizabeth,,Loredo Rivera,F,John Marshall,1983,Cook,5.194 Million,1,,Associate,Domestic Relations,1998,"2011, 2015",,,,SA,,,,,,,
287,Stuart,F,Lubin,M,U. Illinois,1974,Cook,5.194 Million,1,,At Large,Juvenile Justice,1991,,1994,"2000, 2006, 2012",,PD,,,,,,,
288,Patrick,F,Lustig,M,Chicago-Kent,1982,Cook,5.194 Million,1,,Associate,Law,2001,"2003, 2007, 2011, 2015",,,,PP,,,,,,,
289,John,F,"Lyke, Jr.",M,Chicago-Kent,1994,Cook,5.194 Million,1,,At Large,,2015,,,,,"SA, PP, O",,,,,,,
290,Daniel,J,Lynch,M,DePaul Univ.,1988,Cook,5.194 Million,1,,At Large,Law,,,1998,"2004, 2010",Democrat,"SA, O",,,,,,,
291,Thomas,V,Lyons II,M,Loyola Univ. Chicago,1987,Cook,5.194 Million,1,,At Large,Law,2008,,2010,,Democrat,"SA, PP, O",,,,,,,
292,Terence,,MacCarthy,M,DePaul Univ.,1990,Cook,5.194 Million,1,,At Large,Domestic Violence,,,2010,,,"PD, O",,,,,,,
293,Thaddeus,S,Machnik,M,Loyola Univ. Chicago,1982,Cook,5.194 Million,1,,Associate,Municipal,1999,"2003, 2007, 2011, 2015",,,,"PD, PP",,,,,,,
294,Alfredo,,Maldonado,M,U. Iowa,1996,Cook,5.194 Million,1,,Associate,Criminal,2014,2015,,,,PD,,,,,,,
295,Ellen,B,Mandeltort,F,Chicago-Kent,1985,Cook,5.194 Million,1,,Associate,Municipal,2008,"2011, 2015",,,,"SA, O",,,,,,,
296,Marcia,,Maras,F,DePaul Univ.,1982,Cook,5.194 Million,1,,At Large,Law,1999,2000,"2006, 2012",,Democrat,"SA, PP, O",,,,,,,
297,Diann,K,Marsalek,F,Northern Illinois Univ.,1990,Cook,5.194 Million,1,,At Large,Municipal,2011,,2012,,Democrat,O,,,,,,,
298,Maritza,,Martinez,F,Loyola Univ. Chicago,1989,Cook,5.194 Million,1,,At Large,Municipal,,,2014,,Democrat,"PP, O",,,,,,,
299,Mary,A,Mason,F,Loyola Univ. Chicago,1977,Cook,5.194 Million,1,,At Large,Third ,2000,,2002,"2008, 2014",Democrat,"PP, O",,,,,,,
300,James,P,McCarthy,M,Northern Illinois Univ.,1978,Cook,5.194 Million,1,,At Large,Law,1996,,1998,"2004, 2012",Democrat,"PP, O",,,,,,,
301,Sheila,,McGinnis,F,John Marshall,1989,Cook,5.194 Million,1,,At Large,Municipal ,,,2002,"2008, 2014",,SA,,,,,,,
302,Brigid,M,McGrath,F,U. Minnesota,1985,Cook,5.194 Million,1,,Associate,Law,1999,"2003, 2007, 2011, 2015",,,,"PP, O",,,,,,,
303,Kathleen,M,McGury,F,Chicago-Kent,1977,Cook,5.194 Million,1,,At Large,Probate,1995,,1996,"2002, 2008, 2014",Democrat,SA,,,,,,,
304,Michael,B,McHale,M,DePaul Univ.,1991,Cook,5.194 Million,1,,At Large,Criminal,,,2006,2012,,SA,,,,,,,
305,Patricia,,Mendoza,F,DePaul Univ.,1984,Cook,5.194 Million,1,,Associate,Juvenile Justice,2005,"2007, 2011, 2015",,,,O,,,,,,,
306,Mary,R,Minella,F,DePaul Univ.,1983,Cook,5.194 Million,1,,Associate,Municipal,2005,"2007, 2011, 2015",,,,PP,,,,,,,
307,Daniel,R,Miranda,M,John Marshall,1973,Cook,5.194 Million,1,,Associate,Domestic Relations,1988,"2011, 2015",,,,"PD, PP",,,,,,,
308,Bridget,A,Mitchell,F,Chicago-Kent,1981,Cook,5.194 Million,1,,At Large,Chancery ,,,2014,,Democrat,PP,,,,,,,
309,Raymond,W,Mitchell,M,Loyola Univ. Chicago,1993,Cook,5.194 Million,1,,At Large,Law,2008,,2010,,,"PP, O",,,,,,,
310,Martin,P,Moltz,M,U. Oklahoma,1971,Cook,5.194 Million,1,,Associate,Municipal,2007,"2007, 2011, 2015",,,,SA,,,,,,,
311,Caroline,K,Moreland,F,Catholic Univ.,1995,Cook,5.194 Million,1,,At Large,Domestic Violence,2010,2014,2014,,Democrat,SA,,,,,,,
312,Michael,T,Mullen,M,Loyola Univ. Chicago,1981,Cook,5.194 Million,1,,At Large,Chancery,,,2012,,Democrat,"PP, O",,,,,,,
313,Thomas,R,"Mulroy, JR.",M,Loyola Univ. Chicago,1973,Cook,5.194 Million,1,,Associate,Law,2007,"2011, 2015",,,,"PP, O",,,,,,,
314,Angela,,Munari Petrone,F,John Marshall,1985,Cook,5.194 Million,1,,Associate,Criminal,2007,"2007, 2011, 2015",,,,"SA, PD, O",,,,,,,
315,Timothy,P,Murphy,M,Northwestern Univ.,1984,Cook,5.194 Million,1,,At Large,Domestic Relations,,,2004,2010,Democrat,PP,,,,,,,
316,James,P,Murphy,M,Chicago-Kent,1995,Cook,5.194 Million,1,,At Large,Domestic Violence and Elder Law and Miscellaneous Remedies,,,2006,2012,Democrat,SA,,,,,,,
317,Patrick,T,Murphy,M,John Marshall,1965,Cook,5.194 Million,1,,At Large,Domestic Relations,,,2004,2010,Democrat,"SA, PP, O",,,,,,,
318,Joyce,M,Murphy Gorman,M,John Marshall,1995,Cook,5.194 Million,1,,At Large,Municipal,,,2000,"2006, 2012",Democrat,PP,,,,,,,
319,Leonard,,Murray,M,Northwestern Univ.,1974,Cook,5.194 Million,1,,Associate,Municipal,2007,"2007, 2011, 2015",,,,PP,,,,,,,
320,Raymond,,Myles,M,U. Illinois,1977,Cook,5.194 Million,1,,Associate,Criminal,1999,"2001, 2007, 2011, 2015",,,Democrat,"SA, PP",,,,,,,
321,Lewis,M,Nixon,M,DePaul Univ.,1975,Cook,5.194 Million,1,,At Large,Chancery,2001,,2002,"2008, 2014",Democrat,O,,,,,,,
322,Rita,M,Novak,F,DePaul Univ.,1977,Cook,5.194 Million,1,,Associate,Chancery,1997,"1999, 2003, 2007, 2011, 2015",,,,O,,,,,,,
323,James,M,Obbish,M,DePaul Univ.,1973,Cook,5.194 Million,1,,Associate,Criminal and Elder Law and Miscellaneous Remedies,1997,"1999, 2003, 2007, 2011, 2015",,,,"SA, PP",,,,,,,
324,Joan,M,O'Brien,F,Drake Univ.,1983,Cook,5.194 Million,1,,At Large,Municipal,,,2000,"2006, 2012",Democrat,SA,,,,,,,
325,Jessica,A,O'Brien,F,John Marshall,1998,Cook,5.194 Million,1,,At Large,Municipal,,,2012,,Democrat,"SA, PP, O",,,,,,,
326,Gregory,M,O'Brien,M,DePaul Univ.,1977,Cook,5.194 Million,1,,Associate,Probate,1995,"1997, 2001, 2011, 2015",,,,PD,,,,,,,
327,Thomas,J,O'Hara,M,Notre Dame Univ.,1973,Cook,5.194 Million,1,,Associate ,Municipal,1998,"2011, 2015",,,Republican,PD,,,,,,,
328,Karen ,L,O'Malley,F,Chicago-Kent,1992,Cook,5.194 Million,1,,At Large,Probate,,,2012,,Democrat,"SA, PP",,,,,,,
329,Marcia,B,Orr,F,U. Michigan,1972,Cook,5.194 Million,1,,Associate,Municipal,1985,"2011, 2015",,,,"SA, PP",,,,,,,
330,Michael,F,Otto,M,Washington Univ. St. Louis,1998,Cook,5.194 Million,1,,Associate,Chancery,2012,2014,,,Democrat,"PP, O",,,,,,,
331,Joseph,D,Panarese,M,Thomas Cooley,1988,Cook,5.194 Million,1,,Associate,Municipal,2006,"2007, 2011, 2015",,,,"SA, PP, O",,,,,,,
332,Donald,D,Panerese Jr.,M,Thomas Cooley,1983,Cook,5.194 Million,1,,Associate,Municipal,1999,"2003, 2007, 2011, 2015",,,,"SA, PP",,,,,,,
333,Luciano,,Panici,M,Northern Illinois Univ.,1979,Cook,5.194 Million,1,,Associate,Municipal,2001,"2007, 2011, 2015",,,Republican,"PP, O",,,,,,,
334,Kathleen,A,Panozzo,F,John Marshall,1989,Cook,5.194 Million,1,,Associate,Municipal,2007,"2011, 2015",,,,SA,,,,,,,
335,Michael,R,Panter,M,DePaul Univ.,1978,Cook,5.194 Million,1,,Associate,Law,2008,"2011, 2015",,,,"PP, O",,,,,,,
336,Sebastian,T,Patti,M,U. Kansas,1982,Cook,5.194 Million,1,,At Large,Domestic Violence,1995,,1996,"2002, 2008, 2014",Democrat,O,,,,,,,
337,Linda,J,Pauel,F,Chicago-Kent,1991,Cook,5.194 Million,1,,Associate,Juvenile Justice,2014,2015,,,Democrat,"PP, O",,,,,,,
338,Alfred,J,Paul,M,Chicago-Kent,1971,Cook,5.194 Million,1,,Associate,County,1986,"2011, 2015",,,,"PP, O",,,,,,,
339,Michele,M,Pitman,F,Syracuse Univ.,1988,Cook,5.194 Million,1,,Associate,Municipal,2001,"2011, 2015",,,,SA,,,,,,,
340,Dennis,J,Porter,M,John Marshall,1974,Cook,5.194 Million,1,,Associate,Criminal,1988,"1991, 1995, 1999, 2003, 2007, 2011, 2015",,,,"SA, O",,,,,,,
341,Joan,E,Powell,F,John Marshall,1992,Cook,5.194 Million,1,,At Large,Law,2006,,2008,2014,,"SA, O",,,,,,,
342,Lorna,E,Propes,F,Columbia Univ.,1975,Cook,5.194 Million,1,,At Large,Law,2010,,2012,,Democrat,"SA, PP",,,,,,,
343,Carolyn,G,Quinn,F,Loyola Univ. Chicago,1987,Cook,5.194 Million,1,,Associate,Probate,2003,"2005, 2007, 2011, 2015",,,,"PP, O",,,,,,,
344,Marguerite,A,Quinn,F,Loyola Univ. Chicago,1986,Cook,5.194 Million,1,,Associate ,"Municipal District 2, Domestic Violence Division, and Criminal",2007,"2007, 2011, 2015",,,Democrat,"SA, PP",,,,,,,
345,William,B,Raines,M,Golden State Univ.,,Cook,5.194 Million,1,,At Large,Municipal,2014,,2014,,Democrat,"SA, PP, O",,,,,,,
346,Cynthia,,Ramirez,F,U. Wisconsin-Madison,1990,Cook,5.194 Million,1,,At Large,Juvenile Justice,,,2012,,Democrat,"PD, PP, O",,,,,,,
347,Sandra,G,Ramos,F,DePaul Univ.,1986,Cook,5.194 Million,1,,At Large,Municipal,,,2010,,Democrat,"SA, PP",,,,,,,
348,Erica,L,Reddick,F,Univ. Cincinnati ,1991,Cook,5.194 Million,1,,At Large,Criminal,2010,,2012,,Democrat,"PD, O",,,,,,,
349,Jeanne,M,Reynolds,F,Loyola Univ. Chicago,1986,Cook,5.194 Million,1,,Associate ,Domestic Relations,2007,"2007, 2011, 2015",,,,PP,,,,,,,
350,Hyman,,Riebman,M,Northern Illinois Univ.,1978,Cook,5.194 Million,1,,Associate,Domestic Relations,2001,"2003, 2007, 2011, 2015",,,,"SA, PP",,,,,,,
351,Kristal,R,Rivers,F,Drake Univ.,1996,Cook,5.194 Million,1,,At Large,Juvenile Justice,2014,,2014,,Democrat,"PP, O",,,,,,,
352,Jean,,Rooney (Prendergast),F,Loyola Univ. Chicago,1994,Cook,5.194 Million,1,,At Large,Chancery,2010,,2012,,Democrat,"PP, O",,,,,,,
353,Diana,,Rosario,F,DePaul Univ.,1989,Cook,5.194 Million,1,,At Large,Municipal,,,2014,,Democrat,O,,,,,,,
354,Steven,J,Rosenblum,M,Ohio State Univ.,1989,Cook,5.194 Million,1,,Associate,Municipal,2014,2015,,,,SA,,,,,,,
355,Thomas,D,Roti,M,Loyola Univ. Chicago,1970,Cook,5.194 Million,1,,At Large,Municipal,,,2000,"2006, 2012",Democrat,"PP, O",,,,,,,
356,Kristyna,C,Ryan,F,Chicago-Kent,2000,Cook,5.194 Million,1,,At Large,Municipal,,,2008,2014,Democrat,PP,,,,,,,
357,Stanley,,Sacks,M,John Marshall,1967,Cook,5.194 Million,1,,Associate,Criminal,1988,"2011 , 2015",,,,"PD, O",,,,,,,
358,Bernard,J,Sarley,M,John Marshall,1981,Cook,5.194 Million,1,,Associate,Child Protection,2009,"2011 , 2015",,,,PD,,,,,,,
359,Naomi,H,Schuster,F,DePaul Univ.,1978,Cook,5.194 Million,1,,Associate,Domestic Relations,2007,"2007, 2011 , 2015",,,Republican,"PP, O",,,,,,,
360,Richard,D,Schwind,M,John Marshall,1978,Cook,5.194 Million,1,,Associate,Municipal,2012,,,,,"SA, O",,,,,,,
361,Joseph,M,Sconza,M,Chicago-Kent,1971,Cook,5.194 Million,1,,Associate,Municipal 1 and Chancery,2005,"2007, 2011, 2015",,,,"SA, PP, O",,,,,,,
362,Robert,E,Senechalle Jr.,M,DePaul Univ.,1973,Cook,5.194 Million,1,,Associate,Chancery,2005,"2007, 2011 , 2015",,,,PP,,,,,,,
363,Terrence,V,Sharkey,M,John Marshall,1986,Cook,5.194 Million,1,,Associate,Juvenile Justice,1994,"1999, 2003, 2007, 2011 , 2015",,,,SA,,,,,,,
364,Patricia,,Sheahan (O'Brien),F,Chicago-Kent,1996,Cook,5.194 Million,1,,At Large,Municipal,,,2014,,Democrat,"PP, O",,,,,,,
365,Collen,F,Sheehan,F,John Marshall,1988,Cook,5.194 Million,1,,At Large,Juvenile Justice,,,2000,"2006, 2012",Democrat,"PD, PP, O",,,,,,,
366,Kevin,M,Sheehan,M,Chicago-Kent,1983,Cook,5.194 Million,1,,At Large,Criminal,,,1998,"2004, 2010",Democrat,SA,,,,,,,
367,Darryl,B,Simko,M,Loyola Univ. Chicago,1985,Cook,5.194 Million,1,,Associate,Chancery,2001,"2005, 2007, 2011, 2015",,,,O,,,,,,,
368,David,A,Skryd,M,Chicago-Kent,1986,Cook,5.194 Million,1,,Associate,Municipal,2005,"2007,2011 , 2015",,,,"SA, PP",,,,,,,
369,James,E,Snyder,M,Northern Illinois Univ.,1988,Cook,5.194 Million,1,,Associate,Law,2007,"2011 , 2015",,,,"PP, O",,,,,,,
370,Domenica,A,Stephenson,F,John Marshall,1989,Cook,5.194 Million,1,,Associate,Criminal,2007,"2011 , 2015",,,Democrat,"SA, PP",,,,,,,
371,Richard,A,Stevens,M,Duquesne Univ.,1983,Cook,5.194 Million,1,,Associate,Child Protection,1999,"2001, 2007, 2011 , 2015",,,,"SA, O",,,,,,,
372,Susan,L,Sullivan,F,DePaul Univ.,1994,Cook,5.194 Million,1,,At Large,Municipal,,,2010,2016,Democrat,PP,,,,,,,
373,Laura,M,Sullivan,F,Chicago-Kent,1988,Cook,5.194 Million,1,,At Large,Municipal,,,2002,"2008, 2014",Democrat,SA,,,,,,,
374,Sharon,M,Sullivan,F,Loyola Univ. Chicago,1980,Cook,5.194 Million,1,,At Large,County,,,1992,"1998, 2004, 2010",,"SA, PP, O",,,,,,,
375,Shelley,,Sutker-Dermer,F,Chicago-Kent,1982,Cook,5.194 Million,1,,At Large,Municipal,1995,,1996,"2002, 2008, 2014",,SA,,,,,,,
376,Sanjay,T,Tailor,M,Loyola Univ. Chicago,1991,Cook,5.194 Million,1,,Associate,Law,2003,"2007, 2011 , 2015",,,,"SA, PP, O",,,,,,,
377,Sybil,C,Thomas,F,Chicago-Kent,1992,Cook,5.194 Million,1,,Associate,Child Protection,2003,"2007, 2011 , 2015",,,,"SA, O",,,,,,,
378,Elmer,James,Tolmaire III,M,DePaul Univ.,1977,Cook,5.194 Million,1,,Associate,Law,2005,"2007, 2011 , 2015",,,,O,,,,,,,
379,Mary,S,Trew,F,Michigan State Univ. Detroit ,1991,Cook,5.194 Million,1,,Associate,Domestic Relations,2010,"2012 , 2015",,,Democrat,"PP, O",,,,,,,
380,Franklin,Ulyses,Valderrama,M,DePaul Univ.,1988,Cook,5.194 Million,1,,Associate,Chancery,2007,"2007, 2011, 2015",,,,"PP, O",,,,,,,
381,Rena,Marie,Van Tine,F,New York Univ.,1986,Cook,5.194 Million,1,,Associate,Child Protection,2001,"2011 , 2015",,,,"SA, PP, O",,,,,,,
382,Gregory,P,Vazquez,M,DePaul Univ.,1977,Cook,5.194 Million,1,,Associate,Municipal,2008,"2011, 2015",,,,"SA, PP",,,,,,,
383,Peter,J,Vilkelis,M,John Marshall,1980,Cook,5.194 Million,1,,Associate,Child Protection,2011,"2012, 2014",,,Democrat,"SA, PP, O",,,,,,,
384,Steven,M,Wagner,M,Chicago-Kent,1979,Cook,5.194 Million,1,,Associate,Municipal,2012,2015,,,,"PD, PP",,,,,,,
385,Debra,B,Walker,F,U. Illinois,1987,Cook,5.194 Million,1,,At Large,Domestic Relations,,,2008,2014,Democrat,PP,,,,,,,
386,Allen,P,Walker,M,DePaul Univ.,1987,Cook,5.194 Million,1,,Associate,Chancery,2012,2015,,,,"PP, O",,,,,,,
387,Neera,,Walsh,F,Chicago-Kent,1989,Cook,5.194 Million,1,,Associate,Criminal,2007,"2007, 2011, 2015",,,,SA,,,,,,,
388,Maureen,,Ward Kirby,F,Loyola Univ. Chicago,1989,Cook,5.194 Million,1,,At Large,County,2007,,2008,2014,,"PP, O",,,,,,,
389,Jeffrey,L,Warnick,M,Chicago-Kent,1978,Cook,5.194 Million,1,,Associate,Municipal,2009,"2011, 2015",,,,"SA, PP",,,,,,,
390,Lori,M,Wolfson,F,Chicago-Kent,1988,Cook,5.194 Million,1,,Associate,Juvenile Justice,2001,"2003, 2007, 2011",,,,"SA, PP",,,,,,,
391,Leon,,Wool,M,DePaul Univ.,1963,Cook,5.194 Million,1,,Associate,Municipal,1999,"2003, 2007, 2011, 2015",,,,"PP, O",,,,,,,
392,James,A,Zafiratos,M,John Marshall,1981,Cook,5.194 Million,1,,Associate,Municipal,1995,"2007, 2011, 2015",,,,"PP, O",,,,,,,
,,,,,,,,,,,,,,,,,,,,,,,,,
,,,,,,,,,,,,,,,,,,,,,,,,,
,,,,,,,,,,,,,,,,,,,,,,,,,
,,,,,,,,,,,,,,,,,,,,,,,,,
,,,,,,,,,,,,,,,,,,,,,,,,,
,,,,,,,,,,,,,,,,,,,,,,,,,
,,,,,,,,,,,,,,,,,,,,,,,,,
,,,,,,,,,,,,,,,,,,,,,,,,,
,,,,,,,,,,,,,,,,,,,,,,,,,
,,,,,,,,,,,,,,,,,,,,,,,,,
,,,,,,,,,,,,,,,,,,,,,,,,,
,,,,,,,,,,,,,,,,,,,,,,,,,
,,,,,,,,,,,,,,,,,,,,,,,,,
,,,,,,,,,,,,,,,,,,,,,,,,,
,,,,,,,,,,,,,,,,,,,,,,,,,
,,,,,,,,,,,,,,,,,,,,,,,,,
,,,,,,,,,,,,,,,,,,,,,,,,,
,,,,,,,,,,,,,,,,,,,,,,,,,
,,,,,,,,,,,,,,,,,,,,,,,,,
,,,,,,,,,,,,,,,,,,,,,,,,,
,,,,,,,,,,,,,,,,,,,,,,,,,
,,,,,,,,,,,,,,,,,,,,,,,,,
,,,,,,,,,,,,,,,,,,,,,,,,,
,,,,,,,,,,,,,,,,,,,,,,,,,
,,,,,,,,,,,,,,,,,,,,,,,,,
,,,,,,,,,,,,,,,,,,,,,,,,,
,,,,,,,,,,,,,,,,,,,,,,,,,
,,,,,,,,,,,,,,,,,,,,,,,,,
,,,,,,,,,,,,,,,,,,,,,,,,,
,,,,,,,,,,,,,,,,,,,,,,,,,
,,,,,,,,,,,,,,,,,,,,,,,,,
,,,,,,,,,,,,,,,,,,,,,,,,,
,,,,,,,,,,,,,,,,,,,,,,,,,
,,,,,,,,,,,,,,,,,,,,,,,,,
,,,,,,,,,,,,,,,,,,,,,,,,,
,,,,,,,,,,,,,,,,,,,,,,,,,
,,,,,,,,,,,,,,,,,,,,,,,,,
,,,,,,,,,,,,,,,,,,,,,,,,,
,,,,,,,,,,,,,,,,,,,,,,,,,
,,,,,,,,,,,,,,,,,,,,,,,,,
,,,,,,,,,,,,,,,,,,,,,,,,,
,,,,,,,,,,,,,,,,,,,,,,,,,
,,,,,,,,,,,,,,,,,,,,,,,,,
,,,,,,,,,,,,,,,,,,,,,,,,,
,,,,,,,,,,,,,,,,,,,,,,,,,
,,,,,,,,,,,,,,,,,,,,,,,,,
,,,,,,,,,,,,,,,,,,,,,,,,,
,,,,,,,,,,,,,,,,,,,,,,,,,
,,,,,,,,,,,,,,,,,,,,,,,,,
,,,,,,,,,,,,,,,,,,,,,,,,,
,,,,,,,,,,,,,,,,,,,,,,,,,
,,,,,,,,,,,,,,,,,,,,,,,,,
,,,,,,,,,,,,,,,,,,,,,,,,,
,,,,,,,,,,,,,,,,,,,,,,,,,
,,,,,,,,,,,,,,,,,,,,,,,,,
,,,,,,,,,,,,,,,,,,,,,,,,,
,,,,,,,,,,,,,,,,,,,,,,,,,
,,,,,,,,,,,,,,,,,,,,,,,,,
,,,,,,,,,,,,,,,,,,,,,,,,,
,,,,,,,,,,,,,,,,,,,,,,,,,
,,,,,,,,,,,,,,,,,,,,,,,,,
,,,,,,,,,,,,,,,,,,,,,,,,,
,,,,,,,,,,,,,,,,,,,,,,,,,
,,,,,,,,,,,,,,,,,,,,,,,,,
,,,,,,,,,,,,,,,,,,,,,,,,,
,,,,,,,,,,,,,,,,,,,,,,,,,
,,,,,,,,,,,,,,,,,,,,,,,,,
,,,,,,,,,,,,,,,,,,,,,,,,,
,,,,,,,,,,,,,,,,,,,,,,,,,
,,,,,,,,,,,,,,,,,,,,,,,,,
,,,,,,,,,,,,,,,,,,,,,,,,,
,,,,,,,,,,,,,,,,,,,,,,,,,
,,,,,,,,,,,,,,,,,,,,,,,,,
,,,,,,,,,,,,,,,,,,,,,,,,,
,,,,,,,,,,,,,,,,,,,,,,,,,
,,,,,,,,,,,,,,,,,,,,,,,,,
,,,,,,,,,,,,,,,,,,,,,,,,,
,,,,,,,,,,,,,,,,,,,,,,,,,
,,,,,,,,,,,,,,,,,,,,,,,,,
,,,,,,,,,,,,,,,,,,,,,,,,,
,,,,,,,,,,,,,,,,,,,,,,,,,
,,,,,,,,,,,,,,,,,,,,,,,,,
,,,,,,,,,,,,,,,,,,,,,,,,,
,,,,,,,,,,,,,,,,,,,,,,,,,
,,,,,,,,,,,,,,,,,,,,,,,,,
,,,,,,,,,,,,,,,,,,,,,,,,,
,,,,,,,,,,,,,,,,,,,,,,,,,
,,,,,,,,,,,,,,,,,,,,,,,,,
,,,,,,,,,,,,,,,,,,,,,,,,,
,,,,,,,,,,,,,,,,,,,,,,,,,
,,,,,,,,,,,,,,,,,,,,,,,,,
,,,,,,,,,,,,,,,,,,,,,,,,,
,,,,,,,,,,,,,,,,,,,,,,,,,
,,,,,,,,,,,,,,,,,,,,,,,,,
,,,,,,,,,,,,,,,,,,,,,,,,,
,,,,,,,,,,,,,,,,,,,,,,,,,
,,,,,,,,,,,,,,,,,,,,,,,,,
,,,,,,,,,,,,,,,,,,,,,,,,,
,,,,,,,,,,,,,,,,,,,,,,,,,
,,,,,,,,,,,,,,,,,,,,,,,,,
,,,,,,,,,,,,,,,,,,,,,,,,,
,,,,,,,,,,,,,,,,,,,,,,,,,
,,,,,,,,,,,,,,,,,,,,,,,,,
,,,,,,,,,,,,,,,,,,,,,,,,,
,,,,,,,,,,,,,,,,,,,,,,,,,
,,,,,,,,,,,,,,,,,,,,,,,,,
,,,,,,,,,,,,,,,,,,,,,,,,,
,,,,,,,,,,,,,,,,,,,,,,,,,
,,,,,,,,,,,,,,,,,,,,,,,,,
,,,,,,,,,,,,,,,,,,,,,,,,,
,,,,,,,,,,,,,,,,,,,,,,,,,
,,,,,,,,,,,,,,,,,,,,,,,,,
,,,,,,,,,,,,,,,,,,,,,,,,,
,,,,,,,,,,,,,,,,,,,,,,,,,
,,,,,,,,,,,,,,,,,,,,,,,,,
,,,,,,,,,,,,,,,,,,,,,,,,,
,,,,,,,,,,,,,,,,,,,,,,,,,
,,,,,,,,,,,,,,,,,,,,,,,,,
,,,,,,,,,,,,,,,,,,,,,,,,,
,,,,,,,,,,,,,,,,,,,,,,,,,
,,,,,,,,,,,,,,,,,,,,,,,,,
,,,,,,,,,,,,,,,,,,,,,,,,,
,,,,,,,,,,,,,,,,,,,,,,,,,
,,,,,,,,,,,,,,,,,,,,,,,,,
,,,,,,,,,,,,,,,,,,,,,,,,,
,,,,,,,,,,,,,,,,,,,,,,,,,
,,,,,,,,,,,,,,,,,,,,,,,,,
,,,,,,,,,,,,,,,,,,,,,,,,,
,,,,,,,,,,,,,,,,,,,,,,,,,
,,,,,,,,,,,,,,,,,,,,,,,,,
,,,,,,,,,,,,,,,,,,,,,,,,,
,,,,,,,,,,,,,,,,,,,,,,,,,
,,,,,,,,,,,,,,,,,,,,,,,,,
,,,,,,,,,,,,,,,,,,,,,,,,,
,,,,,,,,,,,,,,,,,,,,,,,,,
,,,,,,,,,,,,,,,,,,,,,,,,,
,,,,,,,,,,,,,,,,,,,,,,,,,
,,,,,,,,,,,,,,,,,,,,,,,,,
,,,,,,,,,,,,,,,,,,,,,,,,,
,,,,,,,,,,,,,,,,,,,,,,,,,
,,,,,,,,,,,,,,,,,,,,,,,,,
,,,,,,,,,,,,,,,,,,,,,,,,,
,,,,,,,,,,,,,,,,,,,,,,,,,
,,,,,,,,,,,,,,,,,,,,,,,,,
,,,,,,,,,,,,,,,,,,,,,,,,,
,,,,,,,,,,,,,,,,,,,,,,,,,
,,,,,,,,,,,,,,,,,,,,,,,,,
,,,,,,,,,,,,,,,,,,,,,,,,,
,,,,,,,,,,,,,,,,,,,,,,,,,
,,,,,,,,,,,,,,,,,,,,,,,,,
,,,,,,,,,,,,,,,,,,,,,,,,,
,,,,,,,,,,,,,,,,,,,,,,,,,
,,,,,,,,,,,,,,,,,,,,,,,,,
,,,,,,,,,,,,,,,,,,,,,,,,,
,,,,,,,,,,,,,,,,,,,,,,,,,
,,,,,,,,,,,,,,,,,,,,,,,,,
,,,,,,,,,,,,,,,,,,,,,,,,,
,,,,,,,,,,,,,,,,,,,,,,,,,
,,,,,,,,,,,,,,,,,,,,,,,,,
,,,,,,,,,,,,,,,,,,,,,,,,,
,,,,,,,,,,,,,,,,,,,,,,,,,
,,,,,,,,,,,,,,,,,,,,,,,,,
,,,,,,,,,,,,,,,,,,,,,,,,,
,,,,,,,,,,,,,,,,,,,,,,,,,
,,,,,,,,,,,,,,,,,,,,,,,,,
,,,,,,,,,,,,,,,,,,,,,,,,,
,,,,,,,,,,,,,,,,,,,,,,,,,
,,,,,,,,,,,,,,,,,,,,,,,,,
,,,,,,,,,,,,,,,,,,,,,,,,,
,,,,,,,,,,,,,,,,,,,,,,,,,
,,,,,,,,,,,,,,,,,,,,,,,,,
,,,,,,,,,,,,,,,,,,,,,,,,,
,,,,,,,,,,,,,,,,,,,,,,,,,
,,,,,,,,,,,,,,,,,,,,,,,,,
,,,,,,,,,,,,,,,,,,,,,,,,,
,,,,,,,,,,,,,,,,,,,,,,,,,
,,,,,,,,,,,,,,,,,,,,,,,,,
,,,,,,,,,,,,,,,,,,,,,,,,,
,,,,,,,,,,,,,,,,,,,,,,,,,
,,,,,,,,,,,,,,,,,,,,,,,,,
,,,,,,,,,,,,,,,,,,,,,,,,,
,,,,,,,,,,,,,,,,,,,,,,,,,
,,,,,,,,,,,,,,,,,,,,,,,,,
,,,,,,,,,,,,,,,,,,,,,,,,,
,,,,,,,,,,,,,,,,,,,,,,,,,
,,,,,,,,,,,,,,,,,,,,,,,,,
,,,,,,,,,,,,,,,,,,,,,,,,,
,,,,,,,,,,,,,,,,,,,,,,,,,
,,,,,,,,,,,,,,,,,,,,,,,,,
,,,,,,,,,,,,,,,,,,,,,,,,,
,,,,,,,,,,,,,,,,,,,,,,,,,
,,,,,,,,,,,,,,,,,,,,,,,,,
,,,,,,,,,,,,,,,,,,,,,,,,,
,,,,,,,,,,,,,,,,,,,,,,,,,
,,,,,,,,,,,,,,,,,,,,,,,,,
,,,,,,,,,,,,,,,,,,,,,,,,,
,,,,,,,,,,,,,,,,,,,,,,,,,
,,,,,,,,,,,,,,,,,,,,,,,,,
,,,,,,,,,,,,,,,,,,,,,,,,,
,,,,,,,,,,,,,,,,,,,,,,,,,
,,,,,,,,,,,,,,,,,,,,,,,,,
,,,,,,,,,,,,,,,,,,,,,,,,,
,,,,,,,,,,,,,,,,,,,,,,,,,
,,,,,,,,,,,,,,,,,,,,,,,,,
,,,,,,,,,,,,,,,,,,,,,,,,,
,,,,,,,,,,,,,,,,,,,,,,,,,
,,,,,,,,,,,,,,,,,,,,,,,,,
,,,,,,,,,,,,,,,,,,,,,,,,,
,,,,,,,,,,,,,,,,,,,,,,,,,
,,,,,,,,,,,,,,,,,,,,,,,,,
,,,,,,,,,,,,,,,,,,,,,,,,,
,,,,,,,,,,,,,,,,,,,,,,,,,
,,,,,,,,,,,,,,,,,,,,,,,,,
,,,,,,,,,,,,,,,,,,,,,,,,,
,,,,,,,,,,,,,,,,,,,,,,,,,
,,,,,,,,,,,,,,,,,,,,,,,,,
,,,,,,,,,,,,,,,,,,,,,,,,,
,,,,,,,,,,,,,,,,,,,,,,,,,
,,,,,,,,,,,,,,,,,,,,,,,,,
,,,,,,,,,,,,,,,,,,,,,,,,,
,,,,,,,,,,,,,,,,,,,,,,,,,
,,,,,,,,,,,,,,,,,,,,,,,,,
,,,,,,,,,,,,,,,,,,,,,,,,,
,,,,,,,,,,,,,,,,,,,,,,,,,
,,,,,,,,,,,,,,,,,,,,,,,,,
,,,,,,,,,,,,,,,,,,,,,,,,,
,,,,,,,,,,,,,,,,,,,,,,,,,
,,,,,,,,,,,,,,,,,,,,,,,,,
,,,,,,,,,,,,,,,,,,,,,,,,,
,,,,,,,,,,,,,,,,,,,,,,,,,
,,,,,,,,,,,,,,,,,,,,,,,,,
,,,,,,,,,,,,,,,,,,,,,,,,,
,,,,,,,,,,,,,,,,,,,,,,,,,
,,,,,,,,,,,,,,,,,,,,,,,,,
,,,,,,,,,,,,,,,,,,,,,,,,,
,,,,,,,,,,,,,,,,,,,,,,,,,
,,,,,,,,,,,,,,,,,,,,,,,,,
,,,,,,,,,,,,,,,,,,,,,,,,,
,,,,,,,,,,,,,,,,,,,,,,,,,
,,,,,,,,,,,,,,,,,,,,,,,,,
,,,,,,,,,,,,,,,,,,,,,,,,,
,,,,,,,,,,,,,,,,,,,,,,,,,
,,,,,,,,,,,,,,,,,,,,,,,,,
,,,,,,,,,,,,,,,,,,,,,,,,,
,,,,,,,,,,,,,,,,,,,,,,,,,
,,,,,,,,,,,,,,,,,,,,,,,,,
,,,,,,,,,,,,,,,,,,,,,,,,,
,,,,,,,,,,,,,,,,,,,,,,,,,
,,,,,,,,,,,,,,,,,,,,,,,,,
,,,,,,,,,,,,,,,,,,,,,,,,,
,,,,,,,,,,,,,,,,,,,,,,,,,
,,,,,,,,,,,,,,,,,,,,,,,,,
,,,,,,,,,,,,,,,,,,,,,,,,,
,,,,,,,,,,,,,,,,,,,,,,,,,
,,,,,,,,,,,,,,,,,,,,,,,,,
,,,,,,,,,,,,,,,,,,,,,,,,,
,,,,,,,,,,,,,,,,,,,,,,,,,
,,,,,,,,,,,,,,,,,,,,,,,,,
,,,,,,,,,,,,,,,,,,,,,,,,,
,,,,,,,,,,,,,,,,,,,,,,,,,
,,,,,,,,,,,,,,,,,,,,,,,,,
,,,,,,,,,,,,,,,,,,,,,,,,,
,,,,,,,,,,,,,,,,,,,,,,,,,
,,,,,,,,,,,,,,,,,,,,,,,,,
,,,,,,,,,,,,,,,,,,,,,,,,,
,,,,,,,,,,,,,,,,,,,,,,,,,
,,,,,,,,,,,,,,,,,,,,,,,,,
,,,,,,,,,,,,,,,,,,,,,,,,,
,,,,,,,,,,,,,,,,,,,,,,,,,
,,,,,,,,,,,,,,,,,,,,,,,,,
,,,,,,,,,,,,,,,,,,,,,,,,,
,,,,,,,,,,,,,,,,,,,,,,,,,
,,,,,,,,,,,,,,,,,,,,,,,,,
,,,,,,,,,,,,,,,,,,,,,,,,,
,,,,,,,,,,,,,,,,,,,,,,,,,
,,,,,,,,,,,,,,,,,,,,,,,,,
,,,,,,,,,,,,,,,,,,,,,,,,,
,,,,,,,,,,,,,,,,,,,,,,,,,
,,,,,,,,,,,,,,,,,,,,,,,,,
,,,,,,,,,,,,,,,,,,,,,,,,,
,,,,,,,,,,,,,,,,,,,,,,,,,
,,,,,,,,,,,,,,,,,,,,,,,,,
,,,,,,,,,,,,,,,,,,,,,,,,,
,,,,,,,,,,,,,,,,,,,,,,,,,
,,,,,,,,,,,,,,,,,,,,,,,,,
,,,,,,,,,,,,,,,,,,,,,,,,,
,,,,,,,,,,,,,,,,,,,,,,,,,
,,,,,,,,,,,,,,,,,,,,,,,,,
,,,,,,,,,,,,,,,,,,,,,,,,,
,,,,,,,,,,,,,,,,,,,,,,,,,
,,,,,,,,,,,,,,,,,,,,,,,,,
,,,,,,,,,,,,,,,,,,,,,,,,,
,,,,,,,,,,,,,,,,,,,,,,,,,
,,,,,,,,,,,,,,,,,,,,,,,,,
,,,,,,,,,,,,,,,,,,,,,,,,,
,,,,,,,,,,,,,,,,,,,,,,,,,
,,,,,,,,,,,,,,,,,,,,,,,,,
,,,,,,,,,,,,,,,,,,,,,,,,,
,,,,,,,,,,,,,,,,,,,,,,,,,
,,,,,,,,,,,,,,,,,,,,,,,,,
,,,,,,,,,,,,,,,,,,,,,,,,,
,,,,,,,,,,,,,,,,,,,,,,,,,
,,,,,,,,,,,,,,,,,,,,,,,,,
,,,,,,,,,,,,,,,,,,,,,,,,,
,,,,,,,,,,,,,,,,,,,,,,,,,
,,,,,,,,,,,,,,,,,,,,,,,,,
,,,,,,,,,,,,,,,,,,,,,,,,,
,,,,,,,,,,,,,,,,,,,,,,,,,
,,,,,,,,,,,,,,,,,,,,,,,,,
,,,,,,,,,,,,,,,,,,,,,,,,,
,,,,,,,,,,,,,,,,,,,,,,,,,
,,,,,,,,,,,,,,,,,,,,,,,,,
,,,,,,,,,,,,,,,,,,,,,,,,,
,,,,,,,,,,,,,,,,,,,,,,,,,
,,,,,,,,,,,,,,,,,,,,,,,,,
,,,,,,,,,,,,,,,,,,,,,,,,,
,,,,,,,,,,,,,,,,,,,,,,,,,
,,,,,,,,,,,,,,,,,,,,,,,,,
,,,,,,,,,,,,,,,,,,,,,,,,,
,,,,,,,,,,,,,,,,,,,,,,,,,
,,,,,,,,,,,,,,,,,,,,,,,,,
,,,,,,,,,,,,,,,,,,,,,,,,,
,,,,,,,,,,,,,,,,,,,,,,,,,
,,,,,,,,,,,,,,,,,,,,,,,,,
,,,,,,,,,,,,,,,,,,,,,,,,,
,,,,,,,,,,,,,,,,,,,,,,,,,
,,,,,,,,,,,,,,,,,,,,,,,,,
,,,,,,,,,,,,,,,,,,,,,,,,,
,,,,,,,,,,,,,,,,,,,,,,,,,
,,,,,,,,,,,,,,,,,,,,,,,,,
,,,,,,,,,,,,,,,,,,,,,,,,,
,,,,,,,,,,,,,,,,,,,,,,,,,
,,,,,,,,,,,,,,,,,,,,,,,,,
,,,,,,,,,,,,,,,,,,,,,,,,,
,,,,,,,,,,,,,,,,,,,,,,,,,
,,,,,,,,,,,,,,,,,,,,,,,,,
,,,,,,,,,,,,,,,,,,,,,,,,,
,,,,,,,,,,,,,,,,,,,,,,,,,
,,,,,,,,,,,,,,,,,,,,,,,,,
,,,,,,,,,,,,,,,,,,,,,,,,,
,,,,,,,,,,,,,,,,,,,,,,,,,
,,,,,,,,,,,,,,,,,,,,,,,,,
,,,,,,,,,,,,,,,,,,,,,,,,,
,,,,,,,,,,,,,,,,,,,,,,,,,
,,,,,,,,,,,,,,,,,,,,,,,,,
,,,,,,,,,,,,,,,,,,,,,,,,,
,,,,,,,,,,,,,,,,,,,,,,,,,
,,,,,,,,,,,,,,,,,,,,,,,,,
,,,,,,,,,,,,,,,,,,,,,,,,,
,,,,,,,,,,,,,,,,,,,,,,,,,
,,,,,,,,,,,,,,,,,,,,,,,,,
,,,,,,,,,,,,,,,,,,,,,,,,,
,,,,,,,,,,,,,,,,,,,,,,,,,
,,,,,,,,,,,,,,,,,,,,,,,,,
,,,,,,,,,,,,,,,,,,,,,,,,,
,,,,,,,,,,,,,,,,,,,,,,,,,
,,,,,,,,,,,,,,,,,,,,,,,,,
,,,,,,,,,,,,,,,,,,,,,,,,,
,,,,,,,,,,,,,,,,,,,,,,,,,
,,,,,,,,,,,,,,,,,,,,,,,,,
,,,,,,,,,,,,,,,,,,,,,,,,,
,,,,,,,,,,,,,,,,,,,,,,,,,
,,,,,,,,,,,,,,,,,,,,,,,,,
,,,,,,,,,,,,,,,,,,,,,,,,,
,,,,,,,,,,,,,,,,,,,,,,,,,
,,,,,,,,,,,,,,,,,,,,,,,,,
,,,,,,,,,,,,,,,,,,,,,,,,,
,,,,,,,,,,,,,,,,,,,,,,,,,
,,,,,,,,,,,,,,,,,,,,,,,,,
,,,,,,,,,,,,,,,,,,,,,,,,,
,,,,,,,,,,,,,,,,,,,,,,,,,
,,,,,,,,,,,,,,,,,,,,,,,,,
,,,,,,,,,,,,,,,,,,,,,,,,,
,,,,,,,,,,,,,,,,,,,,,,,,,
,,,,,,,,,,,,,,,,,,,,,,,,,
,,,,,,,,,,,,,,,,,,,,,,,,,
,,,,,,,,,,,,,,,,,,,,,,,,,
,,,,,,,,,,,,,,,,,,,,,,,,,
,,,,,,,,,,,,,,,,,,,,,,,,,
,,,,,,,,,,,,,,,,,,,,,,,,,
,,,,,,,,,,,,,,,,,,,,,,,,,
,,,,,,,,,,,,,,,,,,,,,,,,,
,,,,,,,,,,,,,,,,,,,,,,,,,
,,,,,,,,,,,,,,,,,,,,,,,,,
,,,,,,,,,,,,,,,,,,,,,,,,,
,,,,,,,,,,,,,,,,,,,,,,,,,
,,,,,,,,,,,,,,,,,,,,,,,,,
,,,,,,,,,,,,,,,,,,,,,,,,,
,,,,,,,,,,,,,,,,,,,,,,,,,
,,,,,,,,,,,,,,,,,,,,,,,,,
,,,,,,,,,,,,,,,,,,,,,,,,,
,,,,,,,,,,,,,,,,,,,,,,,,,
,,,,,,,,,,,,,,,,,,,,,,,,,
,,,,,,,,,,,,,,,,,,,,,,,,,
,,,,,,,,,,,,,,,,,,,,,,,,,
,,,,,,,,,,,,,,,,,,,,,,,,,
,,,,,,,,,,,,,,,,,,,,,,,,,
,,,,,,,,,,,,,,,,,,,,,,,,,
,,,,,,,,,,,,,,,,,,,,,,,,,
,,,,,,,,,,,,,,,,,,,,,,,,,
,,,,,,,,,,,,,,,,,,,,,,,,,
,,,,,,,,,,,,,,,,,,,,,,,,,
,,,,,,,,,,,,,,,,,,,,,,,,,
,,,,,,,,,,,,,,,,,,,,,,,,,
,,,,,,,,,,,,,,,,,,,,,,,,,
,,,,,,,,,,,,,,,,,,,,,,,,,
,,,,,,,,,,,,,,,,,,,,,,,,,
,,,,,,,,,,,,,,,,,,,,,,,,,
,,,,,,,,,,,,,,,,,,,,,,,,,
,,,,,,,,,,,,,,,,,,,,,,,,,
,,,,,,,,,,,,,,,,,,,,,,,,,
,,,,,,,,,,,,,,,,,,,,,,,,,
,,,,,,,,,,,,,,,,,,,,,,,,,
,,,,,,,,,,,,,,,,,,,,,,,,,
,,,,,,,,,,,,,,,,,,,,,,,,,
,,,,,,,,,,,,,,,,,,,,,,,,,
,,,,,,,,,,,,,,,,,,,,,,,,,
,,,,,,,,,,,,,,,,,,,,,,,,,
,,,,,,,,,,,,,,,,,,,,,,,,,
,,,,,,,,,,,,,,,,,,,,,,,,,
,,,,,,,,,,,,,,,,,,,,,,,,,
,,,,,,,,,,,,,,,,,,,,,,,,,
,,,,,,,,,,,,,,,,,,,,,,,,,
,,,,,,,,,,,,,,,,,,,,,,,,,
,,,,,,,,,,,,,,,,,,,,,,,,,
,,,,,,,,,,,,,,,,,,,,,,,,,
,,,,,,,,,,,,,,,,,,,,,,,,,
,,,,,,,,,,,,,,,,,,,,,,,,,
,,,,,,,,,,,,,,,,,,,,,,,,,
,,,,,,,,,,,,,,,,,,,,,,,,,
,,,,,,,,,,,,,,,,,,,,,,,,,
,,,,,,,,,,,,,,,,,,,,,,,,,
,,,,,,,,,,,,,,,,,,,,,,,,,
,,,,,,,,,,,,,,,,,,,,,,,,,
,,,,,,,,,,,,,,,,,,,,,,,,,
,,,,,,,,,,,,,,,,,,,,,,,,,
,,,,,,,,,,,,,,,,,,,,,,,,,
,,,,,,,,,,,,,,,,,,,,,,,,,
,,,,,,,,,,,,,,,,,,,,,,,,,
,,,,,,,,,,,,,,,,,,,,,,,,,
,,,,,,,,,,,,,,,,,,,,,,,,,
,,,,,,,,,,,,,,,,,,,,,,,,,
,,,,,,,,,,,,,,,,,,,,,,,,,
,,,,,,,,,,,,,,,,,,,,,,,,,
,,,,,,,,,,,,,,,,,,,,,,,,,
,,,,,,,,,,,,,,,,,,,,,,,,,
,,,,,,,,,,,,,,,,,,,,,,,,,
,,,,,,,,,,,,,,,,,,,,,,,,,
,,,,,,,,,,,,,,,,,,,,,,,,,
,,,,,,,,,,,,,,,,,,,,,,,,,
,,,,,,,,,,,,,,,,,,,,,,,,,
,,,,,,,,,,,,,,,,,,,,,,,,,
,,,,,,,,,,,,,,,,,,,,,,,,,
,,,,,,,,,,,,,,,,,,,,,,,,,
,,,,,,,,,,,,,,,,,,,,,,,,,
,,,,,,,,,,,,,,,,,,,,,,,,,
,,,,,,,,,,,,,,,,,,,,,,,,,
,,,,,,,,,,,,,,,,,,,,,,,,,
,,,,,,,,,,,,,,,,,,,,,,,,,
,,,,,,,,,,,,,,,,,,,,,,,,,
,,,,,,,,,,,,,,,,,,,,,,,,,
,,,,,,,,,,,,,,,,,,,,,,,,,
,,,,,,,,,,,,,,,,,,,,,,,,,
,,,,,,,,,,,,,,,,,,,,,,,,,
,,,,,,,,,,,,,,,,,,,,,,,,,
,,,,,,,,,,,,,,,,,,,,,,,,,
,,,,,,,,,,,,,,,,,,,,,,,,,
,,,,,,,,,,,,,,,,,,,,,,,,,
,,,,,,,,,,,,,,,,,,,,,,,,,
,,,,,,,,,,,,,,,,,,,,,,,,,
,,,,,,,,,,,,,,,,,,,,,,,,,
,,,,,,,,,,,,,,,,,,,,,,,,,
,,,,,,,,,,,,,,,,,,,,,,,,,
,,,,,,,,,,,,,,,,,,,,,,,,,
,,,,,,,,,,,,,,,,,,,,,,,,,
,,,,,,,,,,,,,,,,,,,,,,,,,
,,,,,,,,,,,,,,,,,,,,,,,,,
,,,,,,,,,,,,,,,,,,,,,,,,,
,,,,,,,,,,,,,,,,,,,,,,,,,
,,,,,,,,,,,,,,,,,,,,,,,,,
,,,,,,,,,,,,,,,,,,,,,,,,,
,,,,,,,,,,,,,,,,,,,,,,,,,
,,,,,,,,,,,,,,,,,,,,,,,,,
,,,,,,,,,,,,,,,,,,,,,,,,,
,,,,,,,,,,,,,,,,,,,,,,,,,
,,,,,,,,,,,,,,,,,,,,,,,,,
,,,,,,,,,,,,,,,,,,,,,,,,,
,,,,,,,,,,,,,,,,,,,,,,,,,
,,,,,,,,,,,,,,,,,,,,,,,,,
,,,,,,,,,,,,,,,,,,,,,,,,,
,,,,,,,,,,,,,,,,,,,,,,,,,
,,,,,,,,,,,,,,,,,,,,,,,,,
,,,,,,,,,,,,,,,,,,,,,,,,,
,,,,,,,,,,,,,,,,,,,,,,,,,
,,,,,,,,,,,,,,,,,,,,,,,,,
,,,,,,,,,,,,,,,,,,,,,,,,,
,,,,,,,,,,,,,,,,,,,,,,,,,
,,,,,,,,,,,,,,,,,,,,,,,,,
,,,,,,,,,,,,,,,,,,,,,,,,,
,,,,,,,,,,,,,,,,,,,,,,,,,
,,,,,,,,,,,,,,,,,,,,,,,,,
,,,,,,,,,,,,,,,,,,,,,,,,,
,,,,,,,,,,,,,,,,,,,,,,,,,
,,,,,,,,,,,,,,,,,,,,,,,,,
,,,,,,,,,,,,,,,,,,,,,,,,,
,,,,,,,,,,,,,,,,,,,,,,,,,
,,,,,,,,,,,,,,,,,,,,,,,,,
,,,,,,,,,,,,,,,,,,,,,,,,,
,,,,,,,,,,,,,,,,,,,,,,,,,
,,,,,,,,,,,,,,,,,,,,,,,,,
,,,,,,,,,,,,,,,,,,,,,,,,,
,,,,,,,,,,,,,,,,,,,,,,,,,
,,,,,,,,,,,,,,,,,,,,,,,,,
,,,,,,,,,,,,,,,,,,,,,,,,,
,,,,,,,,,,,,,,,,,,,,,,,,,
,,,,,,,,,,,,,,,,,,,,,,,,,
,,,,,,,,,,,,,,,,,,,,,,,,,
,,,,,,,,,,,,,,,,,,,,,,,,,
,,,,,,,,,,,,,,,,,,,,,,,,,
,,,,,,,,,,,,,,,,,,,,,,,,,
,,,,,,,,,,,,,,,,,,,,,,,,,
,,,,,,,,,,,,,,,,,,,,,,,,,
,,,,,,,,,,,,,,,,,,,,,,,,,
,,,,,,,,,,,,,,,,,,,,,,,,,
,,,,,,,,,,,,,,,,,,,,,,,,,
,,,,,,,,,,,,,,,,,,,,,,,,,
,,,,,,,,,,,,,,,,,,,,,,,,,
,,,,,,,,,,,,,,,,,,,,,,,,,
,,,,,,,,,,,,,,,,,,,,,,,,,
,,,,,,,,,,,,,,,,,,,,,,,,,
,,,,,,,,,,,,,,,,,,,,,,,,,
,,,,,,,,,,,,,,,,,,,,,,,,,
,,,,,,,,,,,,,,,,,,,,,,,,,
,,,,,,,,,,,,,,,,,,,,,,,,,
,,,,,,,,,,,,,,,,,,,,,,,,,
,,,,,,,,,,,,,,,,,,,,,,,,,
,,,,,,,,,,,,,,,,,,,,,,,,,
,,,,,,,,,,,,,,,,,,,,,,,,,
,,,,,,,,,,,,,,,,,,,,,,,,,
,,,,,,,,,,,,,,,,,,,,,,,,,
,,,,,,,,,,,,,,,,,,,,,,,,,
,,,,,,,,,,,,,,,,,,,,,,,,,
,,,,,,,,,,,,,,,,,,,,,,,,,
,,,,,,,,,,,,,,,,,,,,,,,,,
,,,,,,,,,,,,,,,,,,,,,,,,,
,,,,,,,,,,,,,,,,,,,,,,,,,
,,,,,,,,,,,,,,,,,,,,,,,,,
,,,,,,,,,,,,,,,,,,,,,,,,,
,,,,,,,,,,,,,,,,,,,,,,,,,
,,,,,,,,,,,,,,,,,,,,,,,,,
,,,,,,,,,,,,,,,,,,,,,,,,,
,,,,,,,,,,,,,,,,,,,,,,,,,
,,,,,,,,,,,,,,,,,,,,,,,,,
,,,,,,,,,,,,,,,,,,,,,,,,,
,,,,,,,,,,,,,,,,,,,,,,,,,
,,,,,,,,,,,,,,,,,,,,,,,,,
,,,,,,,,,,,,,,,,,,,,,,,,,
,,,,,,,,,,,,,,,,,,,,,,,,,
,,,,,,,,,,,,,,,,,,,,,,,,,
,,,,,,,,,,,,,,,,,,,,,,,,,
,,,,,,,,,,,,,,,,,,,,,,,,,
,,,,,,,,,,,,,,,,,,,,,,,,,
,,,,,,,,,,,,,,,,,,,,,,,,,
,,,,,,,,,,,,,,,,,,,,,,,,,
,,,,,,,,,,,,,,,,,,,,,,,,,
,,,,,,,,,,,,,,,,,,,,,,,,,
,,,,,,,,,,,,,,,,,,,,,,,,,
,,,,,,,,,,,,,,,,,,,,,,,,,
,,,,,,,,,,,,,,,,,,,,,,,,,
,,,,,,,,,,,,,,,,,,,,,,,,,
,,,,,,,,,,,,,,,,,,,,,,,,,
,,,,,,,,,,,,,,,,,,,,,,,,,
,,,,,,,,,,,,,,,,,,,,,,,,,
,,,,,,,,,,,,,,,,,,,,,,,,,
,,,,,,,,,,,,,,,,,,,,,,,,,
,,,,,,,,,,,,,,,,,,,,,,,,,
,,,,,,,,,,,,,,,,,,,,,,,,,
,,,,,,,,,,,,,,,,,,,,,,,,,
,,,,,,,,,,,,,,,,,,,,,,,,,
,,,,,,,,,,,,,,,,,,,,,,,,,
,,,,,,,,,,,,,,,,,,,,,,,,,
,,,,,,,,,,,,,,,,,,,,,,,,,
,,,,,,,,,,,,,,,,,,,,,,,,,
,,,,,,,,,,,,,,,,,,,,,,,,,
,,,,,,,,,,,,,,,,,,,,,,,,,
,,,,,,,,,,,,,,,,,,,,,,,,,
,,,,,,,,,,,,,,,,,,,,,,,,,
,,,,,,,,,,,,,,,,,,,,,,,,,
,,,,,,,,,,,,,,,,,,,,,,,,,
,,,,,,,,,,,,,,,,,,,,,,,,,
,,,,,,,,,,,,,,,,,,,,,,,,,
,,,,,,,,,,,,,,,,,,,,,,,,,
,,,,,,,,,,,,,,,,,,,,,,,,,
,,,,,,,,,,,,,,,,,,,,,,,,,
,,,,,,,,,,,,,,,,,,,,,,,,,
,,,,,,,,,,,,,,,,,,,,,,,,,
,,,,,,,,,,,,,,,,,,,,,,,,,
,,,,,,,,,,,,,,,,,,,,,,,,,
,,,,,,,,,,,,,,,,,,,,,,,,,
,,,,,,,,,,,,,,,,,,,,,,,,,
,,,,,,,,,,,,,,,,,,,,,,,,,
,,,,,,,,,,,,,,,,,,,,,,,,,
,,,,,,,,,,,,,,,,,,,,,,,,,
,,,,,,,,,,,,,,,,,,,,,,,,,
,,,,,,,,,,,,,,,,,,,,,,,,,