No.,Given Name(s),M.I.,Last Name,Gender,Law School,Bar Admission (Year),County, Population (2010) ,Circuit,Subcircuit,Title,Assignment,Date First Appointed,Date(s) Reappointed,Date First Elected,Date(s) Retained,Party,Coding
0,Linda,,Abrahamson Baurle,F,Northern Illinois Univ.,1992,Kane," 5,15,269 ",16,,Associate,Juvenile Division,2007,"2007, 2011, 2015",,,,"SA, PP"
1,Jacquelyn,D,Ackert,F,Southern Illinois Univ. ,1992,Lee," 36,031 ",15,,Associate,,2004,"2007, 2011, 2015",,,,PP
2,Robert,K,Adrian,M,Southern Illinois Univ. ,1983,Adams," 67,103 ",8,,At Large,Misdemeanor/civil,,,2010,,Republican,"SA, PD, PP"
3,Richard,A,Aguirre,M,John Marshall,1972,St. Clair ," 2,70,056 ",20,,Associate,,1988,"1991, 1995, 1999, 2003, 2007, 2011, 2015",,,,"SA, PP"
4,David,R,Akemann ,M,Lewis Univ.,1978,Kane," 5,15,269 ",16,,At Large,"Chancery, civil unit",,,2010,,Republican,"SA, PP, O"
5,Michael,R,Albert,M,U. Illinois,1976,Whiteside," 58,498 ",14,,Associate,,2005,"2007, 2011, 2015",,,,"SA, PD, PP"
6,Adrienne,W,Albrecht,F,U. Illinois,1979,Kankakee," 1,13,449 ",21,,Resident,Family Law,2006,,2008,2014,Democrat,PP
7,Philip ,B,Alfeld,M,Southern Illinois Univ. ,1981,Madison," 2,69,828 ",3,,Associate,,2014,2015,,,Democrat,"SA, PP"
8,James,J,Allen,M,DePaul Univ.,1976,Will," 6,77,560 ",12,2,Resident,Civil Division,2001,"2003, 2007",2008,2014,Democrat,O
9,Robert,J,Anderson,M,Loyola Univ. Chicago,1974,DuPage," 9,16,924 ",18,,Resident,Domestic relations,1992,1995,1996,"2002, 2008, 2014",Republican,"SA, PP, O"
10,Claudia,S,Anderson,F,Gonzaga Univ.,1980,Vermillion," 81,625 ",5,,At Large,,1997,,1998,"2004, 2010",Republican,PP
11,John,C,Anderson,M,John Marshall,1999,Will," 6,77,560 ",12,3,Resident,"Mandatory Arbitration, chancery",,,2010,,Democrat,"PP, O"
12,Dinah,J,Archambeault,F,John Marshall,1988,Will," 6,77,560 ",12,,Associate,Family Division,2007,"2011, 2015",,,Republican,PP
13,Michael,L,Atterberry,M,U. Michigan,1984,Menard," 12,705 ",8,,Resident,,2014,,2014,,Republican,"SA, PP, O"
14,George,J,Bakalis ,M,DePaul Univ.,1969,DuPage," 9,16,924 ",18,,At Large,Felony,1990,1996,1996,"2002, 2008, 2014",,PP
15,Michael,P ,Bald,M,Loyola Univ. Chicago,1981,Stephenson," 47,711 ",15,,At Large,,2004,,2006,2012,,SA
16,John,B,"Barberis, Jr.",M,St. Louis Univ.,1998,Madison," 2,69,828 ",3,,Resident,,,,2014,,Republican,"PP, O"
17,Ronald,A,Barch,M,John Marshall,1993,Winnebago," 2,95,266 ",17,,Associate,,2015,,,,,PP
18,John ,C,Baricevic,M,Southern Illinois Univ. ,1978,St. Clair," 2,70,056 ",20,,At Large,,,,2004,2010,Democrat,"SA, PP"
19,Melissa,S,Barnhart ,F,John Marshall,1986,Kendall," 1,14,736 ",23,,Resident,,2009,2011,2012,,Republican,"SA, PP"
20,Brian,,Barrett,M,Chicago-Kent,1999,Will," 6,77,560 ",12,,Associate,Civil Division,2009,"2011, 2015",,,Democrat,"SA, PP"
21,John,A,Barsanti ,M,Chicago-Kent,1977,Kane," 5,15,269 ",16,,At Large,Felony & Special Court,2010,,2012,,Republican,"SA, PP, O"
22,Jennifer,H,Bauknecht ,F,John Marshall,1994,Livingston," 38,950 ",11,,Resident,,2005,"2007, 2008",2008,2014,,PP
23,William,J,Becker,M,Washington Univ.  St. Louis,1975,Clinton," 37,907 ",4,,Associate,,2001,"2003, 2007, 2011, 2015",,,,"PD, PP"
24,Charles,T,Beckman,M,John Marshall,1975,Lee," 36,031 ",15,,Associate,,1999,"2003, 2007, 2011, 2015",,,,PP
25,John,W,Belz,M,St. Louis Univ.,1990,Sangamon," 1,97,465 ",7,,Resident,,2005,,2006,2012,,"SA, PD, PP"
26,Allen,F,Bennett,M,U. Tennesee,1968,Moultrie," 14,846 ",4,,Resident,,,,2012,,Republican,"SA, PP"
27,Heidi,A,Benson,F,U. Illinois,1997,Fulton," 37,069 ",9,,Associate,,2011,"2011, 2015",,,,PP
28,Joel,D,Berg ,M,Chicago-Kent,1994,McHenry," 3,08,760 ",22,,Associate,Criminal Misdemeanor Division,2011,2015,,,,PP
29,Thomas,C,Berglund,M,St. Louis Univ.,1977,Rock Island," 1,47,456 ",14,,Associate,,1985,"1987, 1991, 1995, 1999, 2003, 2007, 2011, 2015",,,,SA
30,Marc,P,Bernabei ,M,Northern Illinois Univ.,1981,Bureau," 34,978 ",13,,Resident,,,,1998,"2004, 2010",,"SA, PP"
31,Luis,A,Berrones,M,DePaul Univ.,1983,Lake," 7,03,462 ",19,,Associate,Chancery Court,2007,"2011, 2015",,,Republican,"SA, PP, O"
32,Matthew,G,Bertani,M,U. Arizona,1988,Will," 6,77,560 ",12,,Associate,,2010,"2011, 2015",,,,"SA, PP"
33,Amy,M,Bertani-Tomczak,F,Thomas Cooley,1986,Will," 6,77,560 ",12,,Resident,Criminal Felony,1994,,1996,"2002, 2008, 2014",Republican,"SA, O"
34,Michael B,B,Betar,M,Northern Illinois Univ.,1992,Lake," 7,03,462 ",19,,Associate,North Branch Court,2008,"2011, 2015",,,,PP
35,Christen,L,Bishop. ,F,U. Illinois,1994,Lake," 7,03,462 ",19,,Associate,Criminal Division,2012,,,,,SA
36,Brad,K,Bleyer,M,Southern Illinois Univ. ,1983,Williamson," 66,357 ",1,,At Large,,2004,,2006,2012,,PP
37,Arnold,F,Blockman,M,U. Illinois,1973,Champaign," 2,01,081 ",6,,At Large,,,,1996,"2002, 2008, 2014",Democrat,"PP, O"
38,Ralph,R,Bloodworth III,M,Southern Illinois Univ. ,2001,Jackson," 60,218 ",1,,Associate,,2012,,,,,PP
39,Mark ,M,Boie,M,John Marshall,1997,Union," 17,808 ",1,,Resident,,,,2000,"2006, 2012",,PP
40,Susan,C,Boles,F,Valparaiso Univ.,1990,Kane," 5,15,269 ",16,4,Resident,Felony and special court division,2007,"2007, 2009",2010,,,"PP, O"
41,John,D,Bolger,M,Univ. Chicago,1963,McHenry," 3,08,760 ",22,,Associate,Civil Division,1998,"1999, 2003, 2007, 2011, 2015",,,,PP
42,Robert,C,Bollinger,M,Southern Illinois Univ. ,1996,Macon," 1,10,768 ",6,,Resident,,2008,"2011, 2015",,,,PP
43,James ,K,Booras,M,Lewis Univ.,1979,Lake," 7,03,462 ",19,,Resident,Criminal Division,1991,"1995, 1999, 2000",2002,"2008, 2014",,"SA, PP, O"
44,Mark,E,Bovard,M,Indiana Univ.,1997,Coles," 53,873 ",5,,Associate,,2012,,,,,PP
45,Phoebe,S,Bowers,F,Southern Illinois Univ. ,2003,Macon," 1,10,768 ",6,,Associate,,2014,,,,,PP
46,Kathy,,Bradshaw Elliot,F,Chicago-Kent,1985,Kankakee," 1,13,449 ",21,,At Large,,1997,,1998,"2004, 2010",,"SA, PP"
47,William,P ,Brady,M,Loyola Univ. Chicago,1974,DeKalb," 43,862 ",23,,Associate,,2003,"2007, 2011, 2015",,,,"SA, PP"
48,Stanley,M,Brandmeyer,M,St. Louis Univ.,1987,Clinton," 37,907 ",4,,Resident,,,,2014,,Republican,PP
49,Walter,C,"Brandon, Jr",M,"Southern Univ., LA",1989,St. Clair ," 2,70,056 ",20,,Associate,,1997,"2003, 2007, 2011, 2015",,,,"SA, PD"
50,Thomas,J,Brannan,M,Indiana Univ.,1973,Cass," 13,642 ",8,,Associate,,2009,"2011, 2015",,,,PP
51,Walter ,D,Braud,M,Chicago-Kent,1968,Rock Island," 1,47,456 ",14,,At Large,,2001,,2002,"2008, 2014",Democrat,"SA, PP"
52,Rudolph,M,"Braud, Jr.",M,Northern Illinois Univ.,1996,Sangamon," 1,97,465 ",7,,Associate,,2007,"2011, 2015",,,Democrat,"SA, PP"
53,Bennett,J,Braun,M,Stetson Univ.,1987,Will," 6,77,560 ",12,,Associate,Domestic relations,2006,"2007, 2011, 2015",,,,PP
54,Judith,M,Brawka,F,Northwestern Univ.,1978,Kane," 5,15,269 ",16,,At Large,,1991,"1995, 1999",2002,"2008, 2014",,PD
55,Liam,C,Brennan,M,Loyola Univ. Chicago,1993,DuPage," 9,16,924 ",18,,Resident,Misdemeanor Division,2008,"2011, 2014, 2015",,,,"SA, PP, O"
56,George,,Bridges,M,Chicago-Kent,1987,Lake," 7,03,462 ",19,1,Resident,Criminal Division - Felony,1995,"2003, 2006, 2008, 2011, 2012, 2015",,,Democrat,"SA, O"
57,Richard,L,Broch Jr.,M,Oklahoma City Univ.,1982,Douglas," 19,887 ",6,,Resident,,2012,2012,2014,,Republican,"SA, PP"
58,David ,P,Brodsky,M,Chicago-Kent,1985,Lake," 7,03,462 ",19,,Associate,Juvenile Justice,2007,"2007, 2011, 2015",,,,PP
59,David,A,Brown,M,Indiana Univ.,1996,Peoria," 1,86,494 ",10,,Associate,Traffic,2011,2015,,,,PP
60,Richard,A,Brown,M,Southern Illinois Univ. ,1977,Randolph," 33,476 ",20,,Resident,,2004,"2007, 2010",2010,,,"PD, PP"
61,Joseph ,J,Bruce ,M,George Washington Univ.,1977,Winnebago," 2,95,266 ",17,,Associate,,2006,"2007, 2011, 2015",,,,"SA, PP"
62,Robert,P,Brumund,M,John Marshall,1971,Will," 6,77,560 ",12,,Associate,Family Division,2004,"2007, 2011, 2015",,,,PP
63,Joseph ,T,Bugos,M,Loyola Univ. Chicago,1983,DuPage," 9,16,924 ",18,,Associate,,2015,2015,,,,"SA, PP"
64,Marcy,L,Buick ,F,Northern Illinois Univ.,1990,DeKalb," 43,862 ",23,,Associate,,2011,2015,,,,"SA, PP, PD"
65,Charles,H.W.,Burch,M,Thomas Cooley,2004,Calhoun," 5,089 ",8,,Resident,,2014,,2014,,Democrat,"SA, PP"
66,Edward,A,"Burmila, Jr.",M,DePaul Univ.,1977,Will," 6,77,560 ",12,,Associate,Criminal Felony,2003,"2007, 2011, 2015",,,Republican,"SA, PP"
67,Kevin,T,Busch,M,John Marshall,1985,Kane," 5,15,269 ",16,,At Large,Family Division,2008,,2010,,Republican,"SA, PP"
68,Daniel,J,Bute,M,John Marshall,1977,LaSalle," 1,13,924 ",13,,Associate,"Traffic, Misdemeanor, Juvenile Law",2005,"2007, 2011, 2015",,,,"PD, PP"
69,David,W,Butler,M,Southern Illinois Univ. ,1980,Mclean," 1,69,572 ",11,,Associate,Traffic,2005,"2007, 2011, 2015",,,,"PD, PP"
70,Scott,J,Butler,M,Southern Illinois Univ. ,1981,Schuyler," 7,544 ",8,,Resident,,2005,"2007, 2011, 2014",,,,"SA, PP"
71,Michael,T,Caldwell,M,Loyola Univ. Chicago,1963,McHenry," 3,08,760 ",22,,At Large,Civil Division,1997,,2002,"2008, 2014",Republican,"PP, O"
72,James,W,Campanella,M,John Marshall,1975,Perry," 22,350 ",20,,Resident,,1995,,1996,"2002, 2008, 2014",Democrat,"SA, PP"
73,Thomas,B,Cannady,M,St. Louis Univ.,1985,St. Clair ," 2,70,056 ",20,,Associate,,2015,2015,,,,PP
74,David,M,Carlson,M,Northern Illinois Univ.,2001,Will," 6,77,560 ",12,1,Resident,Criminal Division,2013,,2014,,Republican,"SA, PP"
75,M,Thomas,Carney,M,Northern Illinois Univ.,1993,Will," 6,77,560 ",12,,Associate,,2009,"2011, 2015",,,,PP
76,Peter,C,Cavanagh,M,John Marshall,1997,Sangamon," 1,97,465 ",7,,Resident,"Drug court, chancery, felony, law, probate",2008,,2010,,Republican,"SA, PD, PP, O"
77,Raymond,A,Cavanaugh ,M,John Marshall,1990,Hancock," 19,104 ",9,,Associate,,2010,"2011, 2015",,,,"SA, PD, PP"
78,Charles,C,Cavaness,M,Southern Illinois Univ. ,1982,Union," 17,808 ",1,,Associate,,2007,"2011, 2015",,,,PP
79,Valerie,Boettle,Ceckowski,F,Southern Illinois Univ. ,1983,Lake," 7,03,462 ",19,2,Resident,,1997,"2003, 2007",2008,2014,Republican,"PD, PP"
80,Neal,W,Cerne,M,Loyola Univ. Chicago,1988,DuPage," 9,16,924 ",18,,Associate,Domestic relations,2008,"2011, 2015",,,Republican,"PP, O"
81,Thomas,W,Chapman,M,St. Louis Univ.,1992,Madison," 2,69,282 ",3,,Associate,Civil Division ,2000,"2011, 2015",,,,PP
82,David,R,Cherry,M,U. Mississippi ,1974,Scott," 5,355 ",7,,Resident,,,,2012,,Republican,"SA, PD, PP"
83,Gregory,G,Chickris,M,John Marshall,1976,Rock Island," 1,47,456 ",14,,Associate,,2009,"2011, 2015",,,,"SA, PP, PD"
84,Michael,J,Chmiel,M,U. Illinois,1990,McHenry," 3,08,760 ",22,,At Large,Civil Division,2005,,2006,2012,,"PP, O"
85,Peter,W,Church,M,U. Iowa,1994,Rock Island," 1,47,456 ",14,,Associate,,2011,2015,,,,PP
86,Rodney,G,Clark,M,U. Mississippi,1990,Warren," 17,707 ",9,,Resident,,,,2012,,Republican,"PP, O"
87,Mark ,H,Clarke,M,U. Illinois,1982,Alexander," 8,238 ",1,,At Large,Presiding judge of Alexander County,1992,,1994,"2000, 2006, 2012",Democrat,"SA, PP"
88,William,G,"Clay, IV",M,St. Louis Univ.,2008,St. Clair ," 2,70,057 ",20,,Associate,,2015,,,,,SA
89,Harry ,E,Clem,M,U. Illinois,1972,Champaign," 2,01,081 ",6,,At Large,,1979,1995,1996,"2002, 2008, 2014",Republican,PP
90,Holly,F,Clemons,F,DePaul Univ.,1984,Champaign," 2,01,081 ",6,,Associate,,1996,"1999, 2003, 2007, 2011, 2015",,,,"PD, PP"
91,Anthony,V,Coco,M,Chicago-Kent,1993,DuPage," 9,16,924 ",18,,Associate,Misdemeanor,2011,"2011, 2015",,,,"SA, PD, PP"
92,Rosemary,,Collins,F,John Marshall,1980,Winnebago," 2,95,266 ",17,,At Large,"Domestic Violence, Family division",1989,,1990,"1996, 2002, 2008, 2014",Democrat,"SA, PD"
93,Raymond ,D,Collins ,M,Chicago-Kent,1989,Lake," 7,03,462 ",19,,Associate,Criminal Division,2004,"2007, 2011, 2015",,,,"PP, O"
94,Jessica,,Colon-Sayre,F,John Marshall,2001,Will," 6,77,560 ",12,,Associate,,2014,2015,,,,SA
95,James ,G,"Conway, Jr. ",M,Univ. of San Diego,2002,Mercer," 16,434 ",14,,Resident,,2002,,2004,2010,,"PP, O"
96,Michael ,E,Coppedge,M,Northern Illinois Univ.,1988,McHenry," 3,08,760 ",22,,Associate,,2015,,,,,PP
97,James,R,Coryell,M,Chicago-Kent,1971,Macon," 1,10,768 ",6,,Associate,,2000,"2003, 2007, 2011, 2015",,,,"SA, PD, PP"
98,Kevin,G,Costello ,M,Notre Dame Univ.,1987,McHenry," 3,08,760 ",22,,Associate,Family Division,2011,2015,,,,PP
99,John ,C,Costigan ,M,Thomas Cooley,1991,Mclean," 1,69,572 ",11,,At Large,,2006,"2007, 2011, 2015",,,,"SA, PP, O"
100,James,S,Cowlin,M,Valparaiso Univ.,1982,McHenry," 3,08,760 ",22,,Resident,Family Division,2007,"2011, 2015",,,,PP
101,Kathryn,E,Creswell,F,DePaul Univ.,1984,DuPage," 9,16,924 ",18,,At Large,Felony Division,1995,"1999, 2001",2002,"2008, 2014",Republican,SA
102,Jerry,E,Crisel,M,U. Illinois,1973,Jefferson," 38,827 ",2,,Associate,,2013,2015,,,,"SA, PD, PP"
103,Barbara,,Crowder,F,U. Illinois,1981,Madison," 2,69,282 ",3,,At Large,,1999,,2006,2012,Democrat,"SA, PP"
104,Zina,R,Cruse ,F,Florida State Univ.,1995,St. Clair," 2,70,056 ",20,,At Large,Criminal Felony Division,2009,"2011, 2015",,,,PP
105,René,,Cruz ,M,Northern Illinois Univ.,1995,Kane," 5,15,269 ",16,,Associate,Family,2012,2014,,,,PP
106,Thomas,W,Cunnington,M,John Marshall,1981,Kankakee," 1,13,449 ",21,,Associate,Misdemeanor/ ‌‌‌‌‌‍Traffic,2011,2015,,,Republican,"SA, PP"
107,Timothy ,,Cusack ,M,Northern Illinois Univ.,1989,Tazewell," 1,35,394 ",10,,Associate,Traffic,2013,,,,,"SA, PD, PP"
108,Kimberly,L,Dahlen,F,Southern Illinois Univ. ,1979,Jackson," 60,218 ",1,,Associate,,1990,"1991, 1995, 1999, 2003, 2007, 2011, 2015",,,,"SA, O"
109,John,,Dalton ,M,U. Illinois,1987,Kane," 5,15,269 ",16,2,Resident,Civil,,,2012,,,"PP, O"
110,Clarence,M,Darrow,M,U. Illinois,1999,Rock Island," 1,47,456 ",14,,At Large,,,,2010,,Democrat,"PD, PP, O"
111,Ellen ,A,Dauber,F,Vanderbilt Univ.,1985,St. Clair ," 2,70,056 ",20,,Associate,,1991,"1995, 1999, 2003, 2007, 2011, 2015",,,,PP
112,Eugene ,P,Daugherity,M,DePaul Univ.,1973,LaSalle," 1,13,924 ",13,,At Large,Civil,2001,,2002,"2008, 2014",,PP
113,Linda,E,Davenport,F,DePaul Univ.,1978,DuPage," 9,16,924 ",18,,Associate,Domestic Relations,2006,"2007, 2011, 2015",,,,"PP, O"
114,William,C,Davis,M,U. Illinois,1975,Fulton," 37,069 ",9,,Resident,,,,2006,2012,Democrat,PP
115,Jack,D,Davis II,M,Northern Illinois Univ.,2001,Sangamon," 1,97,465 ",7,,Associate,,2014,,,,,PP
116,James,W,Day,M,U. Illinois,1963,Greene," 13,886 ",7,,Resident,,,,1990,"1996, 2002, 2008, 2014",,PP
117,Craig,H,DeArmond,M,John Marshall,1975,Vermillion," 81,625 ",5,,Resident,,,,2000,"2006, 2012",Republican,"SA, PP"
118,Kenneth,R,Deihl,M,Southern Illinois Univ. ,1982,Macoupin," 47,765 ",7,,Resident,,,,2006,2012,,"SA, PP, O"
119,John ,W,Demling,M,Chicago-Kent,1977,DuPage," 9,16,924 ",18,,Associate,Domestic relations,1997,"2003, 2007, 2011, 2015",,,,"PP, O"
120,Brian ,J,Diamond,M,U. Illinois,1982,DuPage," 9,16,924 ",18,,Associate,Domestic relations,2005,"2007, 2011, 2015",,,,"SA, PP"
121,Scott,B,Diamond,M,Chicago-Kent,1971,Macon," 1,10,768 ",6,,Associate,,1980,"1983, 1987, 1991, 1995, 1999, 2003, 2007, 2011, 2015",,,,"SA, PD, PP"
122,Thomas,J,Difanis,M,U. Illinois,1971,Champaign," 2,01,081 ",6,,At Large,,,,1996,"2002, 2008, 2014",Republican,"SA, O"
123,Thomas,J,Dinn III,M,Southern Illinois Univ. ,1996,Franklin ," 39,561 ",2,,Associate,,2010,"2011, 2015",,,Democrat,SA
124,Eric,J,Dirnbeck,M,Southern Illinois Univ. ,1996,Franklin ," 39,561 ",2,,At Large,,,,2012,,Democrat,"PD, PP"
125,Eugene ,,Doherty,M,Northern Illinois Univ.,1989,Winnebago," 2,95,266 ",17,,At Large,,2007,,2008,2014,,"PP, O"
126,Thomas,L,Doherty ,M,Northern Illinois Univ.,1986,DeKalb," 43,862 ",23,,Resident,,,,2010,,Republican,PP
127,Robert,E,Douglas,M,DePaul Univ.,1982,DuPage," 9,16,924 ",18,,Associate,Traffic,2011,"2011, 2015",,,,"SA, PP, O"
128,Christine,A,Downs ,F,Loyola Univ. Chicago,1997,Kane," 5,15,269 ",16,,Associate,,2013,,,,,"SA, PP"
129,Dennis,B,Doyle,M,John Marshall,1980,Monroe," 32,957 ",20,,Resident,,2001,,2002,"2008, 2014",Democrat,SA
130,Scott ,D,Drazewski,M,DePaul Univ.,1982,Mclean," 1,69,572 ",11,,At Large,Civil,1997,"2001, 2002",2004,2010,Republican,"PD, PP"
131,Mark,A,Drummond,M,U. Illinois,1980,Adams," 67,103 ",8,,At Large,Domestic,1999,,2004,2010,,"SA, PP"
132,David,J,Dubicki,M,Northwestern Univ.,1976,Peoria," 1,86,494 ",10,,Associate,Civil,1999,"2003, 2007, 2011, 2015",,,,PP
133,Larry ,D,Dunn,M,U. Illinois,1987,Richland," 16,233 ",2,,Resident,,1997,,1998,"2004, 2010",Democrat,"SA, PP"
134,James,J,Eder,M,U. Illinois,1979,Effingham," 34,242 ",4,,Associate,,2001,"2003, 2007, 2011, 2015",,,,PP
135,Karen,C,Eiten ,F,DePaul Univ.,1983,LaSalle," 1,13,924 ",13,,Associate,"Divorce, child custody, Family, Small claims",2011,2015,,,,PP
136,Thomas,A,Else,M,DePaul Univ.,1982,DuPage," 9,16,924 ",18,,Associate,Misdemeanor,2011,"2011, 2015",,,,PP
137,Daniel,J,Emge,M,St. Louis Univ.,2006,Washington," 14,716 ",20,,Resident,,,,2012,,Republican,PP
138,Fernando ,L,Engelsma,M,Chicago-Kent,1980,Winnebago," 2,95,266 ",17,,Associate,,2005,"2007, 2011, 2015",,,Democrat,"PD, PP"
139,Clark ,,Erickson,M,U. Illinois,1976,Kankakee," 1,13,449 ",21,,At Large,,1995,,1996,"2002, 2008, 2014",Republican,SA
140,Millard,S,Everhart,M,John Marshall,1978,Cumberland," 16,335 ",5,,Resident,,2002,,2004,2010,,"SA, PP"
141,Pablo,A,Eves,M,U. Illinois,1998,Mclean," 1,69,573 ",11,,Associate,Traffic,2015,,,,,"SA, PP"
142,Thomas,B,Ewing,M,Case Western Reserve Univ.,1978,Fulton," 37,069 ",9,,Resident,,,,2014,,Democrat,"SA, PP"
143,Lisa,R,Fabiano,F,Loyola Univ. Chicago,1992,Winnebago," 2,95,266 ",17,2,Resident,,,,2008,2014,Democrat,"PP, O"
144,Nancy ,S,Fahey,F,Southern Illinois Univ. ,1988,Vermillion," 81,625 ",5,,Resident,,,,2006,2012,Democrat,"PP, O"
145,Jeffery ,B,Farris,M,Southern Illinois Univ. ,1989,Alexander," 8,238 ",1,,Resident,,2015,,,,,SA
146,Blanche,Hill,Fawell,F,Loyola Univ. Chicago,1980,DuPage," 9,16,924 ",18,,At Large,Felony,2001,"2007, 2008",2008,2014,,"SA, PP, O"
147,Charles,M,"Feeney, III ",M,Washington Univ.  St. Louis,1988,Woodford," 38,664 ",11,,Resident,,2000,"2003, 2007, 2011, 2015",,,,"SA, PP"
148,Michael,W,Feetterer,M,DePaul Univ.,1990,McHenry," 3,08,760 ",22,2,Resident,Criminal misdemeanor jury trials,2004,"2007, 2011, 2015",,,,PP
149,Mark,A,Fellheimer ,M,Valparaiso Univ.,1997,Livingston," 38,950 ",11,,Associate,,2008,"2011, 2015",,,,PP
150,William,I,Ferguson,M,Chicago-Kent,1975,DuPage," 9,16,924 ",18,,Associate,Law Division,1998,"1999, 2003, 2007, 2011, 2015",,,,"PP, O"
151,William,H,Finson,M,U. Illinois,1972,Piatt," 16,729 ",6,,Resident,,2012,,,,,"SA, PP"
152,Daniel,A,Fish,M,John Marshall,1981,Lee," 36,031 ",15,,At Large,Felony,2008,,2008,2014,Democrat,"SA, PP"
153,Jan ,V,Fiss,M,U. Illinois,1968,St. Clair," 2,70,056 ",20,,At Large,Felony,1980,,1995,"2000, 2006, 2012",Democrat,PP
154,Matthew,J,Fitton ,M,St. Louis Univ.,2000,Ford," 14,081 ",11,,Resident,,2014,,2014,,,"SA, PD"
155,Kevin,P,Fitzgerald ,M,U. Illinois,1981,Mclean," 1,69,572 ",11,,Resident,Family,2000,,2006,2012,Republican,PP
156,Patricia ,Sowinski,Fix,F,Loyola Univ. Chicago,1990,Lake," 7,03,462 ",19,2,Resident,Family,,,2012,,Democrat,SA
157,Donald,M,Flack,M,St. Louis Univ.,1998,Madison," 2,69,282 ",3,,Associate,,2012,2015,,,,"SA, PP"
158,Daniel,L,Flannell,M,U. Illinois,1977,Moultrie," 14,846 ",6,,Resident,Chief judge,,,1988,"1994, 2000, 2006, 2012",,PP
159,Elizabeth,,Flood,F,U. Illinois,1995,Kane," 5,15,269 ",16,,Associate,Traffic and misdemeanor,2013,,,,,"SA, O"
160,Rebecca,S,Foley ,F,DePaul Univ.,1995,Mclean," 1,69,572 ",11,,Resident,"Mental Health, Felony",2004,"2007, 2011",2012,,Republican,PP
161,Jeffery ,B,Ford,M,U. Illinois,1976,Champaign," 2,01,081 ",6,,Resident,Drug Court ,1985,2005,2006,2012,,"SA, PP"
162,Thomas,J,Foster,M,U. Illinois,1988,Gallatin," 5,589 ",2,,Resident,,,,2008,2014,Democrat,"SA, PP"
163,David,K,Frankland,M,U. Missouri,1973,Edwards," 6,721 ",2,,Resident,,,,1998,"2004, 2010",Republican,PP
164,Robert,L,Freitag,M,U. Illinois,1987,Mclean," 1,69,572 ",11,,At Large,Criminal,2000,"2003, 2007",2008,2014,Republican,"SA, PD, PP"
165,Frank ,R,Fuhr,M,U. Wisconsin,1980,Rock Island," 1,47,456 ",14,,At Large,,2008,,2010,,,"SA, PP"
166,Paul,M,Fullerton,M,John Marshall,1990,DuPage," 9,16,924 ",18,,At Large,Chancery,2007,"2011, 2015",,,,"PP, O"
167,Thomas,W,Funk,M,Indiana Univ.,1984,Logan," 30,305 ",11,,Associate,,2008,"2011, 2015",,,,"SA, PD, PP"
168,Michael ,J,Fusz,M,Chicago-Kent,1977,Lake," 7,03,462 ",19,,Associate,Law Division,2004,"2007, 2011, 2015",,,,"SA, PP, O"
169,Richard,H,Gambrell,M,Southern Illinois Univ. ,1988,Hancock," 19,104 ",9,,Associate,,1998,"1999, 2003, 2007, 2011, 2015",,,,"SA, PP"
170,David,,Garcia,M,Chicago-Kent,1995,Will," 6,77,560 ",12,,Associate,Family Division,2013,2015,,,Republican,PP
171,Steven,L,Garst,M,U. Illinois,1974,Edgar," 18,576 ",5,,Resident,,2006,,2008,2014,,"PD, PP"
172,Chrystel,L,Gavlin,M,Northern Illinois Univ.,1996,Will," 6,77,560 ",12,,Associate,Family Division,2012,2015,,,,"SA, PP"
173,Jeffery,S,Geisler,M,Memphis State Univ.,1986,Macon," 1,10,768 ",6,,Associate,,2014,,,,,PP
174,Mark,R,Gerhardt ,M,John Marshall,1995,McHenry," 3,08,760 ",22,,Associate,Family Division,2011,"2011, 2015",,,,"SA, PP"
175,Ronald,J,Gerts,M,John Marshall,1977,Kankakee," 1,13,449 ",21,,Associate,,2010,"2011, 2015",,,,"SA, PD, PP"
176,Robert,G,Gibson,M,U. Illinois,1983,DuPage," 9,16,924 ",18,,Associate,,2010,"2012, 2015",,,,"PP, O"
177,Paul,P,Gilfillan ,M,Valparaiso Univ.,1982,Tazewell," 1,35,394 ",10,,Resident,"Chancery, Law jury, mis. Remedies",,,2006,2012,,PP
178,Mark ,E,Gilles ,M,U. Illinois,1991,Peoria," 1,86,494 ",10,,Associate,Child protection,2009,"2011, 2015",,,,PP
179,Derek,J,Girton,M,Ohio Northern Univ.,1993,Vermillion," 81,625 ",5,,Associate,,2010,"2011, 2015",,,Democrat,"PP, O"
180,Andrew,J,Gleeson,M,St. Louis Univ.,1985,St. Clair ," 2,70,056 ",20,,Resident,Major Civil Jury ,2003,"2007, 2011",2012,,Democrat,"PD, PP"
181,James,R,Glenn,M,Southern Illinois Univ. ,1985,Coles," 53,873 ",5,,At Large,,,,1998,"2004, 2010",Republican,"SA, PP"
182,Jefferey,,Goffinet,M,Southern Illinois Univ. ,1985,Marion," 39,437 ",1,,Associate,,2015,,,,,PP
183,John,B,Goldrick ,M,U. Mississippi,1991,Mclean," 1,69,572 ",11,,Associate,,2012,,,,,"PD, PP"
184,Paula,A,Gomora,F,John Marshall,1987,Will," 6,77,560 ",12,4,Resident,Juvenile ,2001,,2008,2014,Democrat,"PP, O"
185,Julia,R,Gomric,F,St. Louis Univ.,1998,St. Clair ," 2,70,056 ",20,,Associate,,2013,,,,,"PP, O"
186,Carmen,Julia,Goodman,F,Northern Illinois Univ.,1995,Will," 6,77,560 ",12,4,Resident,"Misdemeanor, Traffic",2007,,2010,,,PD
187,Mark,S,Goodwin,M,John Marshall,1987,Vermillion," 81,625 ",5,,Associate,,2009,2011,,,,PP
188,Katherine,S,Gorman Hubler,F,Southern Illinois Univ. ,1993,Peoria," 1,86,494 ",10,,At Large,Domestic relations,2007,"2011, 2015",2012,,Republican,"PP, O"
189,W,Charles,Grace,M,U. Tennessee,1972,Jackson," 60,218 ",1,,Resident,Criminal Division,,,2004,2010,Democrat,PP
190,Joseph,M,Grady,M,Lewis Univ.,1979,Kane," 5,15,269 ",16,,At Large,Civil Division,2002,,2002,"2008, 2014",Republican,"SA, PP"
191,Kimbara,G,Graham-Harrell,F,Southern Illinois Univ. ,1983,Richland," 16,233 ",2,,Associate,Civil,2003,"2007, 2011, 2015",,,,PP
192,Leslie,J,Graves,F,Southern Illinois Univ. ,1988,Sangamon," 1,97,465 ",7,,At Large,,,,2000,"2006, 2012",,"SA, PD, PP, O"
193,Mary,L,Green ,F,Northern Illinois Univ.,1992,Winnebago," 2,95,266 ",17,,Associate,,2009,"2011, 2015",,,,PP
194,Thomas,E,"Griffith, Jr",M,Univ. Tulsa,1985,Macon," 1,10,768 ",6,,At Large,Criminal,2011,,2012,,,"SA, PP"
195,Eugene ,,Gross,M,Washington Univ.  St. Louis,1983,Randolph," 33,476 ",20,,Associate,,2010,"2011, 2015",,,,"SA, PP"
196,Daniel,P,Guerin,M,DePaul Univ.,1989,DuPage," 9,16,924 ",18,,At Large,Presiding Judge Misdemeanor & Traffic,2003,2007,2010,,Republican,SA
197,Gwyn,,Gulley ,F,Texas Southern Univ.,1991,Winnebago," 2,95,266 ",17,1,Resident,,,,2008,2014,Democrat,"PD, PP"
198,Val ,,Gunnarsson ,M,U. Illinois,1980,Carroll," 15,387 ",15,,Resident,,,,2002,"2008, 2014",,"SA, PP, O"
199,Robert,B,Haida,M,St. Louis Univ.,1983,St. Clair," 2,70,056 ",20,,At Large,Felony Division,,,2010,,Democrat,SA
200,James,C,Hallock,M,Lewis Univ.,1978,Kane," 5,15,269 ",16,3,Resident,"Felony, Special Court",1992,"1995, 1999, 2003, 2007, 2011",2014,,Republican,"PP, O"
201,Robert,T,Hanson,M,Drake Univ.,1980,Ogle," 53,497 ",15,,At Large,,2006,"2007, 2011",2012,,Republican ,PP
202,Bobby ,G,Hardwick,M,Southern Illinois Univ. ,1978,Cass," 13,642 ",8,,Resident,,,,2002,"2008, 2014",Republican,PP
203,Christopher,M,Harmon ,M,Chicago-Kent,1993,McHenry," 3,08,760 ",22,,Associate,Family Division Special assignments judge.,2012,,,,,"PD, PP"
204,Clarence,W,Harrison II,M,Southern Methodist Univ.,1989,Madison," 2,69,282 ",3,,Associate,Family,1999,"2003, 2007, 2011, 2015",,,Democrat,PP
205,Daniel,E,Hartigan,M,DePaul Univ.,1977,Jasper," 9,698 ",4,,Resident,,,,2006,2012,,"SA, PP, O"
206,John,L,Hauptman ,M,John Marshall,1978,Whiteside," 58,498 ",14,,Resident,,1997,,2004,2010,,"SA, PP"
207,James,M,Hauser,M,Marquette Univ,1988,Stephenson," 47,711 ",15,,Associate,,2006,"2007, 2011, 2015",,,,"PP, O"
208,Anne,T,Hayes,F,Loyola Univ. Chicago,2004,DuPage," 9,16,924 ",18,,Associate,,2015,2015,,,,SA
209,Patrick ,L,Heaslip,M,Drake Univ.,1982,Winnebago," 2,95,266 ",17,,Associate,"Child abuse and neglect, family drug court",1997,"2007, 2011, 2015",,,,PP
210,Janet,R,Heflin,F,St. Louis Univ.,1991,Madison," 2,69,282 ",3,,Associate,Family Division,2004,"2007, 2011, 2015",,,,PP
211,Joseph,P,Hettel ,M,Chicago-Kent,1994,LaSalle," 1,13,924 ",13,,Resident,,2006,,2008,2014,,"SA, PP"
212,Jennifer,L,Hightower,F,Thomas Cooley,2010,Madison," 2,69,282 ",3,,Associate,,2015,,,,,"SA, PP, O"
213,Lee Ann,S,Hill,F,Southern Illinois Univ. ,1997,Mclean," 1,69,572 ",11,,Associate,,2008,"2011, 2015",,,,"PD, PP"
214,Jeffrey ,L,Hirsch,M,John Marshall,1995,McHenry," 3,08,760 ",22,,Associate,,2015,,,,,PP
215,Mitchell  ,L,Hoffman,M,U. Illinois,1984,Lake," 7,03,462 ",19,4,Resident,"Law Division, Chancery",2001,"2003, 2007, 2011, 2015",,,,"SA, PP"
216,Troy ,D,Holland ,M,John Marshall,1994,LaSalle," 1,13,924 ",13,,Resident,,,,2012,,Republican,"SA, PP"
217,Cornelius ,J,Hollerich,M,DePaul Univ.,1976,Bureau," 34,978 ",13,,Associate,,2007,"2011, 2015",,,,"SA, PP"
218,Ronda ,D,Holliman,F,N.A.,N.A.,Champaign," 2,01,081 ",6,,Associate,,2015,N.A.,,N.A.,,N.A. 
219,Janet,R,Holmgren,F,Northern Illinois Univ.,1985,Winnebago," 2,95,266 ",17,,Resident,,1995,,1998,"2004, 2010",,PP
220,Jerry,J,Hooker,M,Ohio Northern Univ.,1988,Schuyler," 7,544 ",8,,Associate,,2014,2015,,,,"SA, PD, PP"
221,Jodi,M,Hoos ,F,U. Nebraska,2000,Peoria," 1,86,494 ",10,,Resident,Civil Division,2014,,,,,SA
222,Robert,M,Hopkins,M,U. Illinois,1983,Lawrence," 16,833 ",2,,Resident,,,,1992,"1998, 2004, 2010",,PP
223,Elizabeth,D,Hoskins-Dow,F,Boston College,1993,Will," 6,77,560 ",12,,Associate,,2015,,,,,PP
224,William,C,Hudson,M,Southern Illinois Univ. ,,Wabash," 11,947 ",2,,Resident,,,,2014,,Republican,PP
225,Brian ,P,Hughes,M,John Marshall,1979,Lake," 7,03,462 ",19,,Associate,Criminal Division,2000,"2003, 2007, 2011, 2015",,,,"PD, PP"
226,Thomas,C,"Hull, III ",M,DePaul Univ.,1993,Kane," 5,15,269 ",16,,Associate,Felony and special court division,2009,"2011, 2015",,,,"SA, PP"
227,David,A,Hylla,M,St. Louis Univ.,1985,Madison," 2,69,828 ",3,,Resident,,,,2006,2012,,"PP, O"
228,Joseph,J,Jackson,M,U. Tennessee,1979,Massac," 15,429 ",1,,Resident,,,,2008,2014,Democrat,PP
229,Ronald,M,Jacobson ,M,Valparaiso Univ.,1982,Lee," 36,031 ",15,,Resident,,2006,,2008,2014,,"SA, PP"
230,Michael,C,Jansz,M,Northern Illinois Univ.,1988,LaSalle," 1,13,924 ",13,,Associate,,2010,"2011, 2015",,,,"SA, PP"
231,Douglas,L,Jarman,M,Southern Illinois Univ. ,1985,Shelby," 22,363 ",4,,At Large,,2009,,2010,,,"PP, O"
232,Theodore,J,Jarz,M,Chicago-Kent,1973,Will," 6,77,560 ",12,,Associate,Civil Division,2013,2015,,,,PP
233,Daniel ,L,Jasica,M,Northwestern Univ.,1991,Lake," 7,03,462 ",19,,Associate,,2014,2015,,,,"SA, PP"
234,David,L,Jeffrey ,M,U. Illinois,1979,Stephenson," 47,711 ",15,,Resident,,1996,"1999, 2003, 2007, 2011, 2014",,,,PP
235,Charles ,D,Johnson,M,Valparaiso Univ.,1986,Lake," 7,03,462 ",19,,Associate,Family Division,2005,"2007, 2011, 2015",,,,"SA, PP"
236,Michael ,Q,Jones,M,U. Illinois,1974,Champaign," 2,01,081 ",6,,Resident,Civil Division,1996,,2000,"2006, 2012",Republican,"PD, PP"
237,Sarah-Marie,F,Jones,F,Drake Univ.,1992,Will," 6,77,560 ",12,3,Resident,Felony/Criminal,2007,,2008,2014,,SA
238,John,F,Joyce,M,Loyola Univ. Chicago,1973,Carroll," 15,387 ",15,,Associate,,2001,"2003, 2007, 2011, 2015",,,,PP
239,Kathryn,,Karayannis ,F,Northern Illinois Univ.,1988,Kane," 5,15,269 ",16,,Associate,Family Division,2011,2015,,,,SA
240,Julie,K,Katz,F,U. Illinois,1984,St. Clair ," 2,70,056 ",20,,Associate,,2010,2011 2015,,,,PP
241,Kathleen,O,Kauffmann,F,Northern Illinois Univ.,1991,Ogle," 53,497 ",15,,Associate,,2003,"2007, 2011, 2015",,,,"SA, PD, PP"
242,Norma ,,Kauzlarich ,F,U. Iowa,1995,Rock Island," 1,47,456 ",14,,Associate,,2014,2015,,,,"SA, PP"
243,Thomas,A,Keith ,M,Valparaiso Univ.,1992,Stark," 5,994 ",10,,Resident,,2013,,,,,O
244,Kim,L,Kelley,M,Vanderbilt Univ.,1980,Peoria," 1,86,494 ",10,,Associate,"Traffic, DUI treatment, drug treatment, veterans' court",2006,"2007, 2011, 2015",,,,PP
245,Patrick ,W,Kelley,M,Cornell Univ.,1984,Sangamon," 1,97,465 ",7,,At Large,,1999,,2000,"2006, 2012",,"SA, PP"
246,Randall ,W,Kelley,M,John Marshall,1980,St. Clair ," 2,70,056 ",20,,Associate,Family,2008,"2011, 2015",,,,"SA, PD, PP, O"
247,J.,Marc,Kelly,M,John Marshall,2000,Fayette," 22,140 ",4,,Associate,,2011,"2011, 2015",,,,PP
248,William,A,Kelly,M,DePaul Univ.,1971,Jo Daviess," 22,678 ",15,,Resident,,,,1990,"1996, 2002, 2008, 2014",,"PD, PP"
249,Bruce,R,Kelsey,M,U. Illinois,1973,DuPage," 9,16,924 ",18,,Associate,Misdemeanor Division,2002,"2003, 2007, 2011, 2015",,,,"PP, O"
250,John,R,Kennedy,M,U. Illinois,1982,Champaign," 2,01,081 ",6,,Associate,,2001,"2007, 2011, 2015",,,,"SA, PP"
251,Daniel,L,Kennedy,M,Creighton Univ.,,Will," 6,77,560 ",12,2,Resident,,,,2014,,Democrat,PP
252,Victoria,M,Kennison,F,John Marshall,1996,Will," 6,77,560 ",12,,Associate,Family,2011,2015,,,,"PD, PP"
253,Michael,J,Kick,M,John Marshall,1985,Kankakee," 1,13,449 ",21,,At Large,,2000,,2002,"2008, 2014",Republican,"SA, PD, PP"
254,Patricia,H,Kievlan,F,St. Louis Univ.,1995,St. Clair ," 2,70,056 ",20,,Associate,Domestic violence,2013,,,,Democrat,PP
255,John,J,Kinsella,M,Northern Illinois Univ.,1981,DuPage," 9,16,924 ",18,,At Large,,2003,2007,2008,2014,Republican,SA
256,James,B,Kinzer,M,U. Illinois,1978,Iroquois," 1,13,449 ",21,,Associate,,2004,"2007, 2011, 2015",,,,"PD, PP, O"
257,Robert,G,Kleeman,M,U. Illinois,1987,DuPage," 9,16,924 ",18,,At Large,Felony,2008,"2011, 2012",2014,,Republican,"SA, PP"
258,David,P ,Kliment ,M,Northern Illinois Univ.,1984,Kane," 5,15,269 ",16,,Associate,Family Division,2010,"2011, 2015",,,,"PD, PP"
259,John,,Knight,M,Washington Univ.  St. Louis,1981,Bond," 17,768 ",3,,Resident,,,,2000,"2006, 2012",,"SA, PP"
260,Kimberly,G,Koester,F,Washington Univ.  St. Louis,1988,Effingham," 34,242 ",4,,Resident,,,,2006,2012,Republican,"SA, PD, PP"
261,Christopher,T,Kolker,M,Southern Illinois Univ. ,1998,St. Clair ," 2,70,056 ",20,,Associate,Traffic/Misdemeanor,2013,,,,,"PP, O"
262,James,J,Konetski,M,U. Illinois,1984,DuPage," 9,16,924 ",18,,Associate,Misdemeanor,2000,"2003, 2007, 2011, 2015",,,,"SA, PP"
263,Karle,E,Koritz,M,U. Illinois,2005,DeWitt," 16,561 ",6,,Resident,,,,,,,"SA, O"
264,Marmarie,J,Kostelny ,F,DePaul Univ.,1985,Kane," 5,15,269 ",16,,Associate,Felony and special court division. Presiding judge of the Judge rehabilitation court.,2006,"2007, 2011, 2015",,,,"PP, O"
265,Stephen,A,Kouri,M,U. Illinois,1982,Peoria," 1,86,494 ",10,,At Large,,,,2002,"2008, 2014",Republican,"PP, O"
266,Michael,D,Kramer,M,U. Illinois,1985,Kankakee," 1,13,449 ",21,,Associate,Family Law,2002,"2007, 2011, 2015",,,,PP
267,Stephen,L,Krentz ,M,Valparaiso Univ.,1990,Kendall," 1,14,736 ",23,,Resident,,2012,2014,,,,PP
268,Theodore,G,Kutsunis ,M,Thomas Cooley,1982,Rock Island," 1,47,456 ",14,,Associate,,2014,,,,,"SA, PP, O"
269,Heidi,,Ladd,F,U. Illinois,1982,Champaign," 2,01,081 ",6,,Resident,,1999,2004,2004,2010,,SA
270,Diane,M,Lagoski,F,Loyola Univ. Chicago,1979,Brown," 6,937 ",8,,Resident,,1999,2007,2008,2014,Democrat,PP
271,Paul,W,Lamar,M,Southern Illinois Univ. ,1983,Hardin," 4,320 ",2,,Resident,,,,2004,2010,Democrat,"PP, O"
272,Todd,D,Lambert,M,Southern Illinois Univ. ,1990,Saline," 24,913 ",1,,Associate,,2006,"2009, 2011, 2015",,,,"PP, O"
273,Scott,D,Larson,M,Valparaiso Univ.,1999,Adams," 67,103 ",8,,Resident,,2010,,,,,"PP, O"
274,Paul,G,Lawrence ,M,U. Missouri,1985,Mclean," 1,69,572 ",11,,At Large,Civil,2010,,2012,,,"PD, PP"
275,Joseph,,Leberman,M,Southern Illinois Univ. ,1988,Massac," 15,429 ",1,,Resident,Presiding Judge,2006,,2008,2014,,"SA, PP, O"
276,Robert,P,LeChien,M,Southern Illinois Univ. ,1976,St. Clair ," 2,70,056 ",20,,Resident,,1998,,1998,"2004, 2010",Democrat,"SA, PP, O"
277,Lori ,R,Lefstein ,F,U. North Carolina,1983,Rock Island," 1,47,456 ",14,,Resident,Civil Division,1997,,1998,"2004, 2010",,PP
278,Kenneth,A,Leshen,M,Santa Clara Univ.,1980,Kankakee," 1,13,449 ",21,,Associate,,2009,"2011, 2015",,,,"PD, PP"
279,Sarah ,P,Lessman,F,Loyola Univ. Chicago,1973,Lake," 7,03,462 ",19,,Associate,Juvenile,2000,"2003, 2007, 2011, 2015",,,,"PP, O"
280,Mark ,L,Levitt,M,U. Illinois,1990,Lake," 7,03,462 ",19,4,Resident,Criminal Division,,,2010,,Democrat,PD
281,David,W,Lewis,M,John Marshall,1978,Clark," 11,048 ",5,,Associate,,2001,"2003, 2007, 2011, 2015",,,,"SA, PD, PP"
282,Brian,D,Lewis,M,Southern Illinois Univ. ,1980,Williamson," 66,357 ",1,,Associate,,2009,"2011, 2015",,,,PP
283,Thomas,E,Little,M,Emory Univ.,1982,Macon," 1,10,768 ",6,,Associate,,1999,"2007, 2011, 2015",,,,"SA, PP"
284,Allan,F,Lolie,M,Southern Illinois Univ. ,1991,Shelby," 22,363 ",4,,Associate,,2010,"2011, 2015",,,,"SA, O"
285,David ,C,Lombardo,M,St. Louis Univ.,1997,Lake," 7,03,462 ",19,,Associate,Traffic,2014,,,,,"PD, PP"
286,Vincent,J,Lopinot,M,St. Louis Univ.,1978,St. Clair," 2,70,056 ",20,,At Large,,2002,2011,2012,,Democrat,"PD, PP"
287,John,S,Lowry,M,John Marshall,1985,Winnebago," 2,95,266 ",17,,Associate,Misdemeanor,2007,"2011, 2015",,,,PP
288,Corey,D,Lund,M,Southern Illinois Univ. ,1982,Will," 6,77,560 ",12,,Associate,,2012,2015,,,,PP
289,Gordon,L,Lustfeldt,M,U. Illinois,1979,Kankakee," 1,13,449 ",21,,Resident,,1995,,1996,"2002, 2008, 2014",Republican,"SA, PD, PP"
290,Kevin,W,Lyons ,M,Drake Univ.,1981,Peoria," 1,86,494 ",10,,Resident,Felony,2011,,2012,,Democrat,"SA, PD, PP"
291,James,A,Mack ,M,Northern Illinois Univ.,1995,Peoria," 1,86,495 ",10,,Resident,Civil,,,2014,,Republican,"SA, PD, PP"
292,Jeffery,S,Mackay,M,Chicago-Kent,1992,DuPage," 9,16,924 ",18,,Associate,,2013,2015,,,,"SA, PP"
293,John,M,Madonia ,M,U. Illinois,1997,Sangamon," 1,97,465 ",7,,At Large,,2010,"2011, 2015",,,Republican,"SA, PP, PD"
294,Brendan ,A,Maher,M,Valparaiso Univ.,1997,Boone," 54,165 ",17,3,Resident,,2010,,2012,,Republican,"PP, O"
295,Jerelyn,D,Maher,F,Loyola Univ. Chicago,1977,Tazewell," 1,35,394 ",10,,Associate,,1995,"2001, 2007, 2011, 2015",,,Democrat,PP
296,Dorothy,R,Mallen (French),F,Chicago-Kent,1978,DuPage," 9,16,924 ",18,,At Large,,2001,"2003, 2007",2010,,,"PP, O"
297,Suzanne,C,Mangiamele,F,John Marshall,1983,McHenry," 3,08,760 ",22,,Associate,Civil Division,2003,"2007, 2011, 2015",,,,"PP, O"
298,Paul,L,Mangieri ,M,St. Louis Univ.,1984,Knox," 52,919 ",9,,At Large,,2007,,2008,2014,Democrat,"SA, PP"
299,Margaret ,A,Marcoullier,F,Loyola Univ. Chicago,1990,Lake," 7,03,462 ",19,,Associate,Law Division,2009,"2011, 2015",,,,"SA, O"
300,Robert,C,Marsaglia ,M,DePaul Univ.,1983,Grundy," 50,063 ",13,,Resident,,1996,2001,2002,"2008, 2014",Republican,PP
301,Francis,M,Martinez ,M,Northern Illinois Univ.,1983,Winnebago," 2,95,266 ",17,,Associate,Juvenile justce center,2014,,,,,"SA, PP"
302,Rick,A,Mason,M,Valparaiso Univ.,1976,Will," 6,77,560 ",12,,Associate,Domestic violence call,2006,"2007, 2011, 2015",,,,PP
303,Ronald,G,Matekaitis ,M,Northern Illinois Univ.,1985,DeKalb," 43,862 ",23,,Resident,,2009,2011,2012,,Democrat,"SA, PP"
304,A,Andreas,Matoesian,M,Washington Univ.  St. Louis,1965,Madison," 2,69,282 ",3,,At Large,,1981,,,"1986, 1992, 1998, 2004, 2010",Democrat,O
305,Matthew,J,Maurer,M,U. Illinois,1987,Sangamon," 1,97,465 ",7,,Associate,,2013,,,,Republican,"SA, PD, PP"
306,William,O,"Mays, Jr.",M,John Marshall,1981,Adams," 67,103 ",8,,At Large,Felony/Small claims,2004,,2006,2012,,"SA, O"
307,John,,McAdams,M,Northern Illinois Univ.,1995,DeKalb," 43,862 ",23,,Associate,,2011,"2011, 2015",,,,PP
308,Timothy,J,McCann,M,Northern Illinois Univ.,1988,Kendall," 1,14,736 ",23,,Resident,,2005,2007,2010,,Republican,"SA, PP"
309,John ,F,McCartney,M,Southern Illinois Univ. ,1994,Pike," 16,430 ",8,,Resident,,,,2012,,Democrat,"SA, PP"
310,Richard,D,McCoy,M,U. Illinois,1980,Tazewell," 1,36,353 ",10,,Associate,Civil,2000,"2003, 2007, 2011, 2015",,,,PP
311,Michael,P,McCuskey,M,St. Louis Univ.,1975,Peoria," 1,86,494 ",10,,Resident,Retired,1988,,,,,"PD, PP"
312,Alexander,F,McGimpsky,M,Washington Univ.  St. Louis,1989,DuPage," 9,16,924 ",18,,Associate,,2011,2015,,,,SA
313,Stephen ,P,McGlynn,M,St. Louis Univ.,1987,St. Clair ," 2,70,056 ",20,,Resident,,2010,2013,,,Republican,"SA, PP"
314,Joseph ,G,McGraw,M,Northern Illinois Univ.,1985,Winnebago," 2,95,266 ",17,,At Large,,2002,,2002,20082014,,"SA, PP"
315,Michael,D,McHaney,M,Southern Illinois Univ. ,1982,Marion," 39,437 ",4,,At Large,,2006,"2007, 2010",2010,,Democrat,"SA, PD, PP"
316,Maureen,,McIntyre,F,Chicago-Kent,1976,McHenry," 3,08,760 ",22,,At Large,Juvenile cases. Presiding over family division.,1996,,2000,"2006, 2012",,PP
317,Timothy,J,McJoynt,M,John Marshall,1977,DuPage," 9,16,924 ",18,,Associate,Domestic relations,2007,"2011, 2015",,,,"SA, PP"
318,Brian,R,McKillip,M,Loyola Univ. Chicago,1972,DuPage," 9,16,924 ",18,,Associate,,,"2011, 2015",,,Republican,"PP, O"
319,W,S,McNeal ,M,John Marshall,1983,Whiteside," 58,498 ",14,,Associate,,2010,"2011, 2015",,,,"SA, PD"
320,Brian,L,McPheters,M,U. Illinois,1973,Champaign," 2,01,081 ",6,,Associate,Traffic Court,2004,"2007, 2011, 2015",,,Republican,"PP, O"
321,Dana ,,McReynolds,M,John Marshall,1977,Henry," 50,486 ",14,,Associate,,1991,"1991, 1995, 1999, 2003, 2007, 2011, 2015",,,,"PD, PP"
322,F,Michael,Meersman,M,John Marshall,1982,Rock Island," 1,47,456 ",14,,Resident,,,,2006,2012,Democrat,"SA, PD"
323,Martin,J,Mengarelli,M,Northern Illinois Univ.,1993,Madison," 2,69,282 ",3,,Associate,,2014,2015,,,,PP
324,Joshua,A,Meyer,M,St. Louis Univ.,2001,Macoupin," 1,97,465 ",7,,Associate,,2010,"2011, 2015",,,,"PD, PP"
325,Thomas,A,Meyer ,M,DePaul Univ.,1984,McHenry," 3,08,760 ",22,,Associate,,2007,"2007, 2011, 2015",,,,"PD, PP"
326,Robert,A,Miller,M,Drake Univ.,1987,DuPage," 9,16,924 ",18,,Associate,Domestic relations,2009,"2011, 2015",,,,"SA, PD"
327,Jane,H,Mitton,F,Northern Illinois Univ.,1983,DuPage," 9,16,924 ",18,,Associate,Misdemeanor,1995,"2011, 2015",,,,"SA, PP"
328,Michael,J,Molt,M,U. Mississippi,,Wayne," 16,726 ",2,,Resident,,,,2014,,,"PP, O"
329,Philip ,G,Montgomery,M,Drake Univ.,1988,Dekalb," 43,862 ",23,,Associate,,2014,,,,,"SA, PP"
330,James,R,Moore,M,Southern Illinois Univ. ,1977,Williamson," 66,357 ",1,,At Large,,2007,,2008,2014,Republican,"PP, O"
331,Mary Katherine,,Moran ,F,Univ. Tulsa,1986,Kane," 5,15,269 ",16,,Associate,Civil Division,2010,"2011, 2015",,,,"SA, PP"
332,Melissa,,Morgan,F,Southern Illinois Univ. ,1999,Franklin ," 39,561 ",2,,At Large,,,,2006,2012,,PP
333,Christopher ,B,Morozin,M,DePaul Univ.,1990,Lake," 7,03,462 ",19,,Associate,Family Division,2010,"2011, 2015",,,,"PP, O"
334,Walden,E,Morris,M,Univ. Tulsa,1975,Saline," 24,913 ",1,,Resident,,2006,2007,2008,2014,,"SA, PP"
335,Dwayne,I,Morrison ,M,U. Illinois,1973,McDonough," 32,612 ",9,,Associate,,2007,"2007, 2011, 2015",,,,PP
336,Robert,J,Morrow ,M,U. Illinois,1973,Kane," 5,15,269 ",16,,Associate,"Criminal court division, DUI courtroom.",2006,"2007, 2011, 2015",,,,"SA, PD, PP"
337,William,A,Mudge,M,St. Louis Univ.,1985,Madison," 2,69,282 ",3,,At Large,Civil Law,,,2010,,Democrat,"SA, PD, PP"
338,Thomas,E,Mueller,M,Loyola Univ. Chicago,1982,Kane," 5,15,269 ",16,,At Large,Juvenile justce center,1995,"2003, 2006",2006,2012,,"SA, PP"
339,Margaret ,J,Mullen,F,John Marshall,1980,Lake," 7,03,462 ",19,,Resident,,1992,1997,1998,"2004, 2010",,"SA, PP"
340,James,R,Murphy ,M,Southern Illinois Univ. ,1981,Kane," 5,15,269 ",16,1,Resident,,,,2008,2014,,PP
341,Mary,H,Nader ,F,Loyola Univ. Chicago,1994,McHenry," 3,08,760 ",22,,Associate,Traffic,2012,,,,,"SA, PP"
342,Kyle,,Napp,F,U. Illinois,1992,Madison," 2,69,828 ",3,,At Large,,2007,2011,2012,,Democrat,O
343,Steven,H,Nardulli,M,Chicago-Kent,1975,Sangamon," 1,97,465 ",7,,Associate,Family ,1996,"1999, 2003, 2007, 2011, 2015",,,,"PD, PP"
344,Raymond,A,Nash,M,Valparaiso Univ.,1986,Will," 6,77,560 ",12,,Associate,,2007,"2011, 2015",,,Republican,"SA, PP"
345,Timothy,R,Neubauer,M,Southern Illinois Univ. ,1977,Jefferson," 38,827 ",2,,Associate,,2009,"2011, 2015",,,,"PP, O"
346,Philip ,J,Nicolosi ,M,Northern Illinois Univ.,1985,Boone," 54,165 ",17,,Associate,,2013,,,,Republican,PP
347,Steven ,L,Nordquist ,M,Hamline Univ.,1977,Winnebago," 2,95,266 ",17,,Associate,Domestic relations,1996,"2007, 2011, 2015",,,,PP
348,John,A,Noverini,M,Chicago-Kent,1988,Kane," 5,15,269 ",16,2,Resident,Traffic and misdemeanor,,,2008,2014,,PP
349,Brien,J,O'Brien,M,St. Louis Univ.,1993,Coles," 53,873 ",5,,Resident,,2005,"2007, 2011",2012,,,PP
350,Mary,E,O'Connor,F,Loyola Univ. Chicago,1977,DuPage," 9,16,924 ",18,,Associate,Traffic,2007,"2011, 2015",,,,"SA, PP, O"
351,Jeffrey ,W,O'Connor,M,John Marshall,1974,Rock Island," 1,47,456 ",14,,Resident,,1982,,,"2000, 2006, 2012",,"SA, PP"
352,Susan,T,O'Leary,F,Chicago-Kent,1978,Will," 6,77,560 ",12,,At Large,Civil Division,,,2002,"2008, 2014",,O
353,Veronica ,M,O'Malley,F,U. Illinois,1990,Lake," 7,03,462 ",19,,Associate,Criminal Division,2007,"2011, 2015",,,,"SA, PP"
354,Thomas,M,O'Shaughnessy,M,Southern Illinois Univ. ,1982,Vermillion," 81,625 ",5,,Resident,,,,,,Republican,PP
355,Patrick,J,O'Shea,M,John Marshall,1979,DuPage," 9,16,924 ",18,,At Large,Law Division,,,2012,,Republican,"SA, PP, O"
356,Brett,N,Olmstead,M,U. Illinois,1983,Champaign," 2,01,081 ",6,,Associate,,2015,,,,,PP
357,James ,D,Orel,M,John Marshall,1983,DuPage," 9,16,924 ",18,,Associate,Law Division,2010,"2011, 2015",,,,"PP, O"
358,Jorge ,L,Ortiz,M,John Marshall,1990,Lake," 7,03,462 ",19,6,Resident,Civil Division,2002,"2003, 2007",2010,,,"SA, PP"
359,Domenica,Ann,Osterberger,F,U. Illinois,1991,Will," 6,77,560 ",12,,Associate,Misdemeanor,2010,2015,,,,"SA, O"
360,Peter,W,Ostling,M,U. Illinois,1984,DuPage," 9,16,924 ",18,,Associate,Law Division,2008,"2011, 2015",,,,"PP, O"
361,Brian,T,Otwell,M,Southern Illinois Univ. ,1984,Sangamon," 1,97,465 ",7,,Associate,,2010,"2011, 2015",,,,"PD, PP"
362,David,K,Overstreet,M,U. Tennesee,1991,Jefferson," 38,827 ",2,,At Large,,2007,,2008,2014,Republican,PP
363,Bradley,T,Paisley,M,St. Louis Univ.,1994,Christian," 34,800 ",4,,Associate,,2007,"2011, 2015",,,,"SA, PP, O"
364,Philip ,G,"Palmer, Sr.",M,Southern Illinois Univ. ,1984,Williamson," 66,357 ",1,,Resident,,1994,,1996,"2002, 2008, 2014",Democrat,"SA, PP"
365,Kevin,S,Parker,M,Valparaiso Univ.,1984,Jasper," 9,698 ",4,,Associate,,2015,2015,,,,SA
366,William,J,Parkhurst ,M,Valparaiso Univ.,1991,Kane," 5,15,269 ",16,,Associate,"Chief judge division, ""Floater""",2012,,,,,"PP, O"
367,Terence ,M,Patton,M,Southern Illinois Univ. ,1992,Henry," 50,486 ",14,,Resident,,2014,,,,,"SA, PP"
368,Carol,M,Pentuic,F,U. Iowa,1983,Rock Island," 1,47,456 ",14,,Associate,,2003,"2007, 2011, 2015",,,,PP
369,Chris,,Perrin,M,Southern Illinois Univ. ,1988,Sangamon," 1,97,465 ",7,,Associate,,2009,"2011, 2015",,,,"PP, O"
370,Lance,R,Peterson,M,John Marshall,1993,Grundy," 50,063 ",13,,Resident,,2001,2007,2010,,,"SA, PP"
371,Barbara,N,Petrungaro,F,Valparaiso Univ.,1991,Will," 6,77,560 ",12,5,Resident,,2005,2007,2010,,Republican,"SA, PP"
372,Mark,,Pheanis,M,Drake Univ.,1981,Kane," 5,15,269 ",16,,Associate,Family Division,2010,"2011, 2015",,,,PP
373,John ,T,Phillips,M,U. Iowa,1972,Lake," 7,03,462 ",19,,At Large,,1993,"1997, 2001, 2005",2006,2012,,PP
374,Robert,P ,Pilmer ,M,Drake Univ.,1983,Kendall," 1,14,736 ",23,,Resident,Civil,,,2010,,Republican,"SA, PP"
375,Eric,S,Pistorius,M,Southern Illinois Univ. ,1984,Jersey," 22,985 ",7,,Resident,,2005,,2006,2012,,"SA, PP"
376,Carla,A,Policandriotes,F,John Marshall,1987,Will," 6,77,560 ",12,,At Large,Criminal Felony,2001,,2002,"2008, 2014",Republican,"SA, PD, PP"
377,William ,E,Poncin ,M,John Marshall,1980,McDonough," 32,612 ",9,,Resident,,,,2010,,Republican,"SA, PP"
378,Kenneth,L,Popejoy,M,Chicago-Kent,1977,DuPage," 9,16,924 ",18,,At Large,,1997,"1999, 2003",2004,2010,,PP
379,Theodore ,S,Potkonjak,M,California Western ,1982,Lake," 7,03,462 ",19,,Associate,Civil Division,2002,"2003, 2007, 2011, 2015",,,,"SA, PD, PP"
380,Michael ,J,Powers,M,John Marshall,1987,Will," 6,77,560 ",12,,Resident,Civil Division,2004,2007,2010,,Republican,"SA, PP"
381,Sharon ,,Prather ,F,Northern Illinois Univ.,1980,McHenry," 3,08,760 ",22,,Resident,Criminal,1992,,1996,"2002, 2008, 2014",Republican,PP
382,Edward,J,Prochaska ,M,Univ. Houston,1987,Winnebago," 2,95,266 ",17,,At Large,Civil Division,1996,,2006,2012,,"PP, O"
383,Albert,L,"Purham, Jr.",M,U. Minnesota,1983,Peoria," 1,86,494 ",10,,Associate,,2003,"2007, 2011, 2015",,,,SA
384,Cynthia,M,Raccuglia,F,Northern Illinois Univ.,1981,LaSalle," 1,13,924 ",13,,At Large,,1991,,1995,"2000, 2006, 2012",,PP
385,John,C,Redington,M,Northern Illinois Univ.,1990,Ogle," 53,497 ",15,,Associate,,2012,,,,,"SA, PP"
386,Christopher,E,Reif,M,Southern Illinois Univ. ,1998,Morgan," 35,547 ",7,,Resident,,2013,,,,,"SA, PP"
387,Tracy ,W,Resch,M,U. Illinois,1973,Clark," 11,048 ",5,,Resident,,,,1990,"1996, 2002, 2008, 2014",,"SA, PP, O"
388,Charles,G,Reynard,M,Loyola Univ. Chicago,1974,Mclean," 1,69,572 ",11,,At Large,Family,,,2002,"2008, 2014",,"SA, PD, PP"
389,Stephen,R,Rice,M,St. Louis Univ.,1976,St. Clair ," 2,70,056 ",20,,Associate,Family,1999,"2007, 2011, 2015",,,,PP
390,Roger,D,Rickmon,M,John Marshall,1980,Will," 6,77,560 ",12,,Associate,Misdemeanor,2010,"2011, 2015",,,,PP
391,Teresa,K,Righter,F,U. Illinois,1982,Coles," 53,873 ",5,,Resident,,1997,,2004,2010,,PP
392,Daniel,D,Rippy,M,DePaul Univ.,2001,Will," 6,77,560 ",12,1,Resident,,,,2014,,Republican,"SA, PP, O"
393,Michael,D,Risinger ,M,Northern Illinois Univ.,1997,Tazewell," 1,35,394 ",10,,At Large,Civil,,,2010,,Republican,"SA, PD, PP, O"
394,James,L,Roberts,M,Southern Illinois Univ. ,1986,Montgomery," 30,104 ",4,,Resident,,2006,"2007, 2011",2014,,Democrat,"SA, PP"
395,Elizabeth ,M,Rochford,F,Loyola Univ. Chicago,1986,Lake," 7,03,462 ",19,,Associate,Consolidated Family Division,2012,,,,,"PP, O"
396,John,B,"Roe, IV ",M,Northern Illinois Univ.,2001,Ogle," 53,497 ",15,,Resident,,2012,,,,Republican ,SA
397,Robert,W,Rohm,M,Drake Univ.,1990,DuPage," 9,16,924 ",18,,Associate,,2014,2015,,,,PP
398,Victoria ,A,Rossetti,F,Lewis Univ.,1980,Lake," 7,03,462 ",19,,At Large,Criminal,1990,"1997, 2002",2004,2010,,SA
399,Raymond,E,Rossi,M,John Marshall,1981,Will," 6,77,560 ",12,5,Resident,,,,2010,,Republican,"PP, O"
400,Daniel,J,Rozak,M,Loyola Univ. Chicago,1976,Will," 6,77,560 ",12,,At Large,,1995,1999,2000,"2006, 2012",,PD
401,Helen ,S,Rozenberg,F,Univ. Detroit,1979,Lake," 7,03,462 ",19,,Associate,Criminal Division,1992,"2011, 2015",,,,"SA, O"
402,Heinz ,M,Rudolf,M,St. Louis Univ.,1996,St. Clair ," 2,70,056 ",20,,Associate,,2006,"2007, 2011, 2015",,,Democrat,"SA, PD, PP, O"
403,Richard,D,Russo,M,John Marshall,1978,DuPage," 9,16,924 ",18,,Associate,,2008,"2011, 2015",,,,"SA, PP"
404,Dennis,R,Ruth,M,St. Louis Univ.,1987,Madison," 17,768 ",3,,At Large,,,,2008,2014,Democrat,PP
405,Howard,C,"Ryan, Jr.",M,John Marshall,1984,LaSalle," 1,13,924 ",13,,At Large,,1989,,1992,"1998, 2004, 2010",Republican,PP
406,Joseph ,V,Salvi,M,Chicago-Kent,1991,Lake," 7,03,462 ",19,,Associate,Criminal Division,2012,,,,,PP
407,Esteban,F,Sanchez,M,St. Louis Univ.,1979,Sangamon," 1,97,465 ",7,,Associate,Family/juvenile,2006,"2007, 2011, 2015",,,,"SA, PP"
408,Erica,,Sanders,F,Southern Illinois Univ. ,1998,Marion," 39,437 ",4,,Associate,,2009,"2011, 2015",,,Democrat,"PD, O"
409,Divya,K,Sarang ,F,Northern Illinois Univ.,1991,Kane," 5,15,269 ",16,,Associate,,2015,,,,,"SA, PD, O"
410,Thomas ,M,Schippers,M ,Loyola Univ. Chicago,1993,Lake," 7,03,462 ",19,3,Resident,,2007,"2007, 2011, 2015",,,Republican,SA
411,John ,,Schmidt ,M,Univ. Tulsa,1990,Sangamon," 1,97,465 ",7,,At Large,,2010,,2012,,Republican,"SA, O"
412,Kirk,D,Schoenbein ,M,U. Illinois,1987,Peoria," 1,86,494 ",10,,Associate,,2013,,,,,"PD, O"
413,Richard,C,Schoenstedt,M,DePaul Univ.,1981,Will," 6,77,560 ",12,,At Large,,,,2002,"2008, 2014",,PP
414,Glenn,R,Schorsch,M,John Marshall,1991,Stephenson," 47,711 ",15,,Associate,,2014,2015,,,,"PD, PP"
415,Edward,C,Schreiber ,M,Chicago-Kent,1982,Kane," 5,15,269 ",16,,Associate,Civil Division,2006,"2007, 2011, 2015",,,,"SA, PP"
416,Neil,T,Schroeder,M,Southern Illinois Univ. ,1993,Madison," 2,69,282 ",3,,Associate,,2013,2015,,,Democrat,SA
417,Maureen ,D,Schuette,F,Univ. of Puget Sound,1989,Edwards," 6,721 ",3,,Associate,,2015,N.A.,,N.A.,,N.A. 
418,William,G,Schwartz,M,Southern Illinois Univ. ,1986,Jackson," 60,218 ",1,,Resident,,,,,2010,Democrat,"SA, PP, O"
419,John ,J,Scully,M,Univ. San Diego ,1978,Lake," 7,03,462 ",19,,Associate,Civil Division,2009,"2011, 2015",,,,SA
420,Elizabeth,W,Sexton,F,Chicago-Kent,1984,DuPage," 9,16,924 ",18,,Associate,Emergency Orders Misdemeanor Division,1996,"1999, 2003, 2007, 2011, 2015",,,,PP
421,Mark ,L,Shaner,M,U. Illinois,1981,Crawford," 19,817 ",2,,Associate,,2005,"2007, 2011, 2015",,,,"SA, PP"
422,Daniel ,B,Shanes,M,DePaul Univ.,1993,Lake," 7,03,462 ",19,3,Resident,,2007,"2007, 2010",2012,,Republican,"SA, PP, O"
423,M,Don,"Sheafor, Jr.",M,Thomas Cooley ,1981,Fayette," 22,140 ",4,,Resident,,2014,,,,,"SA, PP"
424,Terrence,M,Sheen,M,Northern Illinois Univ.,1981,DuPage," 9,16,924 ",18,,Associate,Chancery,1995,"1999, 2003, 2007, 2011, 2015",,,,"PP, O"
425,Mitchell,K,Shick,M,St. Louis Univ.,1986,Coles," 53,873 ",5,,At Large,,2001,,2002,"2008, 2012",Republican,PP
426,Scott ,,Shipplett,M,U. Illinois,1996,Knox," 52,919 ",9,,Resident,,,,2006,2012,Democrat,"PD, PP"
427,Brian,Dean,Shore,M,Southern Illinois Univ. ,1983,Winnebago," 2,95,266 ",17,,Associate,,1998,"2007, 2011, 2015",,,,PP
428,Martin,W,Siemer,M,St. Louis Univ.,1994,Effingham," 34,242 ",4,,At Large,,,,2014,,Republican,"PP, O"
429,Luther,W,Simmons,M,St. Louis Univ.,1975,Madison," 2,69,282 ",3,,Associate,,2015,,,,,PD
430,James,,Simonian,M,Indiana Univ.,1989,Lake," 7,03,462 ",19,,Associate,,2010,"2011, 2015",,,,"SA, PP"
431,Ronald,R,Slemer,M,Southern Illinois Univ. ,1980,Bond," 17,768 ",3,,Associate,,2013,2015,,,,"PD, PP"
432,Arkadiusz,Z,Smigielski,M,Chicago-Kent,1988,Will," 6,77,560 ",12,,Associate,,2015,2015,,,,PP
433,Sarah ,D,Smith,F,Regent Univ.,2003,Madison," 2,69,281 ",3,,Associate,,2015,,,,,SA
434,Carylon,B,Smoot,M,Southern Illinois Univ. ,1983,Williamson," 66,357 ",1,,Resident,,2010,2012,,,Republican,"PP, O"
435,Sheldon,R,Sobol,M,John Marshall,1991,Grundy," 50,063 ",13,,Associate,,2011,"2011, 2015",,,,"SA, PP"
436,Christy,W,Solverson,F,Southern Illinois Univ. ,1990,Jackson," 60,218 ",1,,Associate,,2005,"2007, 2011, 2015",,,,PP
437,Ronald,D,Spears,M,Southern Illinois Univ. ,1977,Christian," 34,800 ",4,,Resident,,1993,,1994,"2000, 2006, 2012",,"PP, O"
438,James,R,Standard ,M,John Marshall,1969,Knox," 52,079 ",9,,Resident,,,,2012,,Republican,"SA, PD, PP"
439,Thomas,J,Stanfa,M,Loyola Univ. Chicago,1980,Kane," 5,15,269 ",16,,Associate,Felony and special court division,2007,"2007, 2011, 2015",,,,"SA, O"
440,Mark ,R,Stanley,M,John Marshall,1982,White," 14,665 ",2,,Associate,,2006,"2007, 2011, 2015",,,Republican,"SA,PP"
441,Christopher ,C,Starck,M,Loyola Univ. Chicago,1979,Lake," 7,03,462 ",19,,At Large,Law Division,1989,"1991, 1995, 1999, 2000",2002,"2008, 2014",Republican,PP
442,Timothy,J,Steadman,M,John Marshall,1981,Macon," 1,10,768 ",6,,Resident,,1995,"1999, 2003, 2007, 2011, 2015",,,,SA
443,Mark,W,Stedlin,M,U. Illinois,1978,Marion," 39,437 ",4,,Resident,,,,2010,,Republican,"PP, O"
444,Stanley ,B,Steines,M,U. Iowa,1990,Whiteside," 58,498 ",14,,Resident,,,,2006,2012,Democrat,"SA, PP"
445,Stephen,A,Stobbs,M,Thomas Cooley,1994,Madison," 2,69,282 ",3,,Associate,,2006,"2007, 2011, 2015",,,Republican,"PP, O"
446,George ,D,Strickland,M,John Marshall,1983,Lake," 7,03,462 ",19,,Associate,Misdemeanor Division,2006,"2007, 2011, 2015",,,,"SA, PP"
447,Christopher,,Stride,M,Valparaiso Univ.,1992,Lake," 7,03,462 ",19,,Associate,Criminal Division,2005,"2007, 2011, 2015",,,,"SA, PP"
448,Michael,,Stroh ,M,Southern Illinois Univ. ,1996,Mclean," 1,69,572 ",11,,Associate,,2010,"2011, 2015",,,Republican,SA
449,Robbin,J,Stuckert,F,Northern Illinois Univ.,1990,DeKalb," 43,862 ",23,,Resident,,2001,,2004,2010,Republican,"SA, PP"
450,Matthew ,L,Sullivan,M,U. Illinois,1994,Edgar," 18,576 ",5,,At Large,,2010,,2010,,Republican,"SA, PP"
451,Michael,J,Sullivan,M,Notre Dame Univ.,1966,McHenry," 3,08,760 ",22,,Resident,,1976,,1984,"1990, 1996, 2002, 2008, 2014",,PP
452,Ronald,D,Sutter,M,U. Illinois,1980,DuPage," 9,16,924 ",18,,At Large,,2003,2007,2010,,Republican,"SA, PP"
453,Thomas,J,Tedeschi,M,Southern Illinois Univ. ,2003,Franklin ," 39,561 ",2,,Resident,,,,2008,2014,Democrat,SA
454,Donald,M,Tegeler,M,Chicago-Kent,1990,Kane," 5,15,269 ",16,3,Resident,,,,2014,,,PP
455,Brian,F,Telander,M,John Marshall,1976,DuPage," 9,16,924 ",18,,At Large,,1988,2014,,,,PP
456,Karen,S,Tharp,F,U. Illinois,,Sangamon," 1,97,465 ",7,,Associate,,2015,,,,,SA
457,Linnea ,E,Thompson,F,Washington Univ.  St. Louis,1979,Rock Island," 1,47,456 ",14,,Resident,,2013,2014,,,,"PP, O"
458,William,J,Thurston,M,Southern Illinois Univ. ,2000,Pulaski," 6,161 ",1,,Resident,,,,2002,"2008, 2014",,PP
459,Jeffery,E,Tobin,M,Thomas Cooley,1987,Morgan," 35,547 ",7,,Associate,,2011,2015,,,,"PP, O"
460,Curtis,R,"Tobin, III",M,Univ. Tulsa,1995,Boone," 54,165 ",17,,Resident,,,,2010,,,"PP, O"
461,Wm,Robin,Todd,M,"U. Missouri, Kansas City",1973,Clay," 13,815 ",4,,Resident,,,,2004,2010,,"SA, PP, O"
462,Richard,L,Tognarelli,M,St. Louis Univ.,1975,Madison," 2,69,828 ",3,,Resident,Criminal and Drug,2002,"2003, 2007",2008,2014,,"SA, O"
463,Alice,C,Tracy ,F,John Marshall,1987,Kane," 5,15,269 ",16,,Associate,Traffic and misdemeanor. Mental health court.,2013,,,,,"SA, PP"
464,Robert,M,Travers,M,Valparaiso Univ.,1977,Livingston," 38,950 ",11,,Associate,,2003,"2007, 2011, 2015",,,,PP
465,April,G,Troemper,F,Southern Illinois Univ. ,1999,Sangamon," 1,97,465 ",7,,At Large,,2009,2015,,,,PP
466,John,R,Truitt ,M,Southern Illinois Univ. ,1979,Winnebago," 2,95,266 ",17,,Associate,,1999,"2003, 2007, 2011, 2015",,,,"SA, PP"
467,Alan ,D,Tucker,M,Univ. Miami,1978,Mason," 14,666 ",8,,Resident,,2010,,2010,,Democrat,"PP, O"
468,Susan,Sumner,Tungate,F,John Marshall,1976,Kankakee," 1,13,449 ",21,,At Large,,1998,,2002,"2008, 2014",Republican,"PD, PP, O"
469,Jay ,W,Ukena,M,John Marshall,1979,Lake," 7,03,462 ",19,1,Resident,,,,2008,2014,Democrat,O
470,Chet ,W,Vahle,M,Valparaiso Univ.,1977,Adams," 67,103 ",8,,Associate,"DUI, Traffic, Conversation cases",1987,"1991, 1995, 1999, 2003, 2007, 2011, 2015",,,,"SA, PD, PP"
471,David,L,"Vancil, Jr.",M,Southern Illinois Univ. ,1993,Warren," 17,707 ",9,,Resident,,,,2002,"2008, 2014",Republican,"SA, PD"
472,Patricia ,Anne,Vandermeulen-Walton,F,Valparaiso Univ.,1985,McDonough," 32,612 ",9,,Associate,,1994,"2011, 2015",,,Republican,"PP, O"
473,Mark ,A,VandeWiele,M,Univ. Tulsa,1984,Rock Island," 1,47,456 ",14,,At Large,,,,2000,"2006, 2012",Democrat,PP
474,Barry,L,Vaughan,M,Southern Illinois Univ. ,1988,Hamilton," 8,457 ",2,,Resident,,,,2002,"2008, 2014",Republican,PP
475,John,P,Vespa,M,Southern Illinois Univ. ,1991,Peoria," 1,86,494 ",10,,At Large,Domestic relations,,,2010,,Republican,"PP, O"
476,Robert,K,Villa,M,DePaul Univ.,1995,Kane," 5,15,269 ",16,,Associate,Traffic and misdemeanor. Mental health court.,2013,,,,,"PP, O"
477,Joseph,R,Voiland ,M,Loyola Univ. Chicago,1978,DeKalb," 43,862 ",23,,Associate,,2014,2015,,,,"PP, O"
478,Donna-Jo,R,Vorderstrasse,F,Washington Univ.  St. Louis,1984,Lake," 7,03,462 ",19,,Associate,,2009,"2011, 2015",,,,"SA, PP, O"
479,Nancy,S,Waites,F,John Marshall,1987,Lake," 7,03,462 ",19,,Associate,Law Division,2005,"2007, 2011, 2015",,,Democrat,"SA, PP"
480,Karen ,E,Wall,F,John Marshall,1997,Vermillion," 81,625 ",5,,Associate,,2010,"2011, 2015",,,Democrat,PP
481,Bradley,J,Waller ,M,Northern Illinois Univ.,1988,Kendall," 1,14,736 ",23,,Resident,Chancery and eviction ,2012,2013,,,,PP
482,Ann Celine,O,Walsh (O'Hallaren),F,Chicago-Kent,1998,DuPage," 9,16,924 ",18,,Associate,Domestic,2014,2015,,,,SA
483,Kevin,J,Ward,M,U. Illinois,1991,Jo Daviess," 22,678 ",15,,Associate,,2007,"2011, 2015",,,,"SA, PP"
484,T,Scott,Webb,M,Southern Illinois Univ. ,2003,White," 14,665 ",2,,Resident,,,,2012,,Republican,"SA, PP"
485,Albert ,G,Webber,M,Washington Univ.  St. Louis,1981,Macon," 1,10,768 ",6,,At Large,,2001,,2002,"2008, 2014",Republican,PP
486,Roger,B,Webber,M,DePaul Univ.,1983,Piatt," 16,729 ",6,,Associate,,2014,,,,,PP
487,Christopher,L,Weber,M,U. Illinois,1994,Crawford," 19,817 ",2,,Resident,,,,2006,2012,Democrat,PP
488,Johannah,B,Weber,F,U. Illinois,1992,Jefferson," 38,827 ",2,,Resident,,,,2012,,Democrat,O
489,Charles,P ,Weech,M,Northern Illinois Univ.,1989,McHenry," 3,08,760 ",22,1,Resident,"Domestic violence, Mental health",2001,2003,2006,2012,Republican,"PP, O"
490,Debra,L,Wellborn,F,Washington Univ.  St. Louis,1988,Adams," 67,103 ",8,,Associate,,2014,2015,,,,"SA, PD, PP, O"
491,Kendall,O,Wenzelman,F,St. Louis Univ.,1979,Kankakee," 1,13,449 ",21,,Resident,,1993,,1994,"2000, 2006, 2012",,"PP, O"
492,Bonnie,M,Wheaton,F,Northern Illinois Univ.,1978,DuPage," 9,16,924 ",18,,At Large,,1988,1990,1992,"1998, 2004, 2010",Republican,"PP, O"
493,Ronald,J,White,M,Lewis Univ.,1978,Winnebago," 2,95,266 ",17,,At Large,,1998,2007,2008,2014,Republican,SA
494,Robert,A,"Wilbrandt, Jr. ",M,Northwestern Univ.,1975,McHenry," 3,08,760 ",22,,Associate,Criminal misdemeanor jury trials,2006,"2007, 2011, 2015",,,,"PD, PP"
495,James,R,Williamson,M,U. Arkansas,1975,Johnson," 12,582 ",1,,Resident,,,,1978,"1984, 1990, 1996, 2002, 2008, 2014",,"SA, PP"
496,Karen,M,Wilson,F,DePaul Univ.,1992,DuPage," 9,16,924 ",18,,Associate,Misdemeanor,2008,"2011, 2015",,,,"SA, PP, O"
497,Lisa,Y,Wilson,F,Northern Illinois Univ.,1988,Peoria," 1,86,494 ",10,,Associate,,2009,"2011, 2015",,,,O
498,Robert,R,Wilt ,M,Loyola Univ. Chicago,1980,Winnebago," 2,95,266 ",17,,Associate,,2011,"2011, 2015",,,,"PD, PP, O"
499,Diane,E,Winter,F,Northern Illinois Univ.,1979,Lake," 7,03,462 ",19,5,Resident,Civil Division,2000,"2004, 2008",2010,,,PP
500,Michael,A,Wolfe,M,John Marshall,1985,DuPage," 9,16,924 ",18,,Associate,,2010,"2011, 2015",,,,"SA, PP"
501,John,C,Wooleyhan,M,Washington Univ.  St. Louis,1975,Adams," 67,103 ",8,,Associate,"Juvenile, Adoption, mental health",1983," 1887, 1991, 1995, 1999, 2003, 2007, 2011, 2015",,,,PP
502,William ,G,Workman ,M,Southern Illinois Univ. ,1989,Mclean," 1,69,572 ",11,,Associate,,2014,,,,,"SA, O"
503,K. Patrick ,,Yarbrough,M,Northern Illinois Univ.,1990,Winnebago," 2,95,266 ",17,,Associate,,2007,"2007, 2011, 2015",,,,"SA, O"
504,William,A,Yoder,M,John Marshall,1985,Mclean," 1,69,572 ",11,,Associate,,2011,2015,,,,PP
505,John ,H,Young ,M,Drake Univ.,1985,Winnebago," 2,95,266 ",17,,Associate,Criminal,2007,"2007, 2011, 2015",,,,PP
506,Kenneth ,L,Zelazo,M,Loyola Univ. Chicago,1983,Will," 6,77,560 ",12,,Associate,,2015,,,,,"SA, PP"
507,Richard,A,Zimmer,M,Northern Illinois Univ.,1989,Rock Island," 1,47,456 ",14,,Associate,,2007,"2007, 2011, 2015",,,,"SA, PP"
,,,,,,,,,,,,,,,,,,
,,,,,,,,,,,,,,,,,,
,,,,,,,,,,,,,,,,,,
,,,,,,,,,,,,,,,,,,
,,,,,,,,,,,,,,,,,,
,,,,,,,,,,,,,,,,,,
,,,,,,,,,,,,,,,,,,
,,,,,,,,,,,,,,,,,,
,,,,,,,,,,,,,,,,,,
,,,,,,,,,,,,,,,,,,
,,,,,,,,,,,,,,,,,,
,,,,,,,,,,,,,,,,,,
,,,,,,,,,,,,,,,,,,
,,,,,,,,,,,,,,,,,,
,,,,,,,,,,,,,,,,,,
,,,,,,,,,,,,,,,,,,
,,,,,,,,,,,,,,,,,,
,,,,,,,,,,,,,,,,,,
,,,,,,,,,,,,,,,,,,
,,,,,,,,,,,,,,,,,,
,,,,,,,,,,,,,,,,,,
,,,,,,,,,,,,,,,,,,
,,,,,,,,,,,,,,,,,,
,,,,,,,,,,,,,,,,,,
,,,,,,,,,,,,,,,,,,
,,,,,,,,,,,,,,,,,,
,,,,,,,,,,,,,,,,,,
,,,,,,,,,,,,,,,,,,
,,,,,,,,,,,,,,,,,,
,,,,,,,,,,,,,,,,,,
,,,,,,,,,,,,,,,,,,
,,,,,,,,,,,,,,,,,,
,,,,,,,,,,,,,,,,,,
,,,,,,,,,,,,,,,,,,
,,,,,,,,,,,,,,,,,,
,,,,,,,,,,,,,,,,,,
,,,,,,,,,,,,,,,,,,
,,,,,,,,,,,,,,,,,,
,,,,,,,,,,,,,,,,,,
,,,,,,,,,,,,,,,,,,
,,,,,,,,,,,,,,,,,,
,,,,,,,,,,,,,,,,,,
,,,,,,,,,,,,,,,,,,
,,,,,,,,,,,,,,,,,,
,,,,,,,,,,,,,,,,,,
,,,,,,,,,,,,,,,,,,
,,,,,,,,,,,,,,,,,,
,,,,,,,,,,,,,,,,,,
,,,,,,,,,,,,,,,,,,
,,,,,,,,,,,,,,,,,,
,,,,,,,,,,,,,,,,,,
,,,,,,,,,,,,,,,,,,
,,,,,,,,,,,,,,,,,,
,,,,,,,,,,,,,,,,,,
,,,,,,,,,,,,,,,,,,
,,,,,,,,,,,,,,,,,,
,,,,,,,,,,,,,,,,,,
,,,,,,,,,,,,,,,,,,
,,,,,,,,,,,,,,,,,,
,,,,,,,,,,,,,,,,,,
,,,,,,,,,,,,,,,,,,
,,,,,,,,,,,,,,,,,,
,,,,,,,,,,,,,,,,,,
,,,,,,,,,,,,,,,,,,
,,,,,,,,,,,,,,,,,,
,,,,,,,,,,,,,,,,,,
,,,,,,,,,,,,,,,,,,
,,,,,,,,,,,,,,,,,,
,,,,,,,,,,,,,,,,,,
,,,,,,,,,,,,,,,,,,
,,,,,,,,,,,,,,,,,,
,,,,,,,,,,,,,,,,,,
,,,,,,,,,,,,,,,,,,
,,,,,,,,,,,,,,,,,,
,,,,,,,,,,,,,,,,,,
,,,,,,,,,,,,,,,,,,
,,,,,,,,,,,,,,,,,,
,,,,,,,,,,,,,,,,,,
,,,,,,,,,,,,,,,,,,
,,,,,,,,,,,,,,,,,,
,,,,,,,,,,,,,,,,,,
,,,,,,,,,,,,,,,,,,
,,,,,,,,,,,,,,,,,,
,,,,,,,,,,,,,,,,,,
,,,,,,,,,,,,,,,,,,
,,,,,,,,,,,,,,,,,,
,,,,,,,,,,,,,,,,,,
,,,,,,,,,,,,,,,,,,
,,,,,,,,,,,,,,,,,,
,,,,,,,,,,,,,,,,,,
,,,,,,,,,,,,,,,,,,
,,,,,,,,,,,,,,,,,,
,,,,,,,,,,,,,,,,,,
,,,,,,,,,,,,,,,,,,
,,,,,,,,,,,,,,,,,,
,,,,,,,,,,,,,,,,,,
,,,,,,,,,,,,,,,,,,
,,,,,,,,,,,,,,,,,,
,,,,,,,,,,,,,,,,,,
,,,,,,,,,,,,,,,,,,
,,,,,,,,,,,,,,,,,,
,,,,,,,,,,,,,,,,,,
,,,,,,,,,,,,,,,,,,
,,,,,,,,,,,,,,,,,,
,,,,,,,,,,,,,,,,,,
,,,,,,,,,,,,,,,,,,
,,,,,,,,,,,,,,,,,,
,,,,,,,,,,,,,,,,,,
,,,,,,,,,,,,,,,,,,
,,,,,,,,,,,,,,,,,,
,,,,,,,,,,,,,,,,,,
,,,,,,,,,,,,,,,,,,
,,,,,,,,,,,,,,,,,,
,,,,,,,,,,,,,,,,,,
,,,,,,,,,,,,,,,,,,
,,,,,,,,,,,,,,,,,,
,,,,,,,,,,,,,,,,,,
,,,,,,,,,,,,,,,,,,
,,,,,,,,,,,,,,,,,,
,,,,,,,,,,,,,,,,,,
,,,,,,,,,,,,,,,,,,
,,,,,,,,,,,,,,,,,,
,,,,,,,,,,,,,,,,,,
,,,,,,,,,,,,,,,,,,
,,,,,,,,,,,,,,,,,,
,,,,,,,,,,,,,,,,,,
,,,,,,,,,,,,,,,,,,
,,,,,,,,,,,,,,,,,,
,,,,,,,,,,,,,,,,,,
,,,,,,,,,,,,,,,,,,
,,,,,,,,,,,,,,,,,,
,,,,,,,,,,,,,,,,,,
,,,,,,,,,,,,,,,,,,
,,,,,,,,,,,,,,,,,,
,,,,,,,,,,,,,,,,,,
,,,,,,,,,,,,,,,,,,
,,,,,,,,,,,,,,,,,,
,,,,,,,,,,,,,,,,,,
,,,,,,,,,,,,,,,,,,
,,,,,,,,,,,,,,,,,,
,,,,,,,,,,,,,,,,,,
,,,,,,,,,,,,,,,,,,
,,,,,,,,,,,,,,,,,,
,,,,,,,,,,,,,,,,,,
,,,,,,,,,,,,,,,,,,
,,,,,,,,,,,,,,,,,,
,,,,,,,,,,,,,,,,,,
,,,,,,,,,,,,,,,,,,
,,,,,,,,,,,,,,,,,,
,,,,,,,,,,,,,,,,,,
,,,,,,,,,,,,,,,,,,
,,,,,,,,,,,,,,,,,,
,,,,,,,,,,,,,,,,,,
,,,,,,,,,,,,,,,,,,
,,,,,,,,,,,,,,,,,,
,,,,,,,,,,,,,,,,,,
,,,,,,,,,,,,,,,,,,
,,,,,,,,,,,,,,,,,,
,,,,,,,,,,,,,,,,,,
,,,,,,,,,,,,,,,,,,
,,,,,,,,,,,,,,,,,,
,,,,,,,,,,,,,,,,,,
,,,,,,,,,,,,,,,,,,
,,,,,,,,,,,,,,,,,,
,,,,,,,,,,,,,,,,,,
,,,,,,,,,,,,,,,,,,
,,,,,,,,,,,,,,,,,,
,,,,,,,,,,,,,,,,,,
,,,,,,,,,,,,,,,,,,
,,,,,,,,,,,,,,,,,,
,,,,,,,,,,,,,,,,,,
,,,,,,,,,,,,,,,,,,
,,,,,,,,,,,,,,,,,,
,,,,,,,,,,,,,,,,,,
,,,,,,,,,,,,,,,,,,
,,,,,,,,,,,,,,,,,,
,,,,,,,,,,,,,,,,,,
,,,,,,,,,,,,,,,,,,
,,,,,,,,,,,,,,,,,,
,,,,,,,,,,,,,,,,,,
,,,,,,,,,,,,,,,,,,
,,,,,,,,,,,,,,,,,,
,,,,,,,,,,,,,,,,,,
,,,,,,,,,,,,,,,,,,
,,,,,,,,,,,,,,,,,,
,,,,,,,,,,,,,,,,,,
,,,,,,,,,,,,,,,,,,
,,,,,,,,,,,,,,,,,,
,,,,,,,,,,,,,,,,,,
,,,,,,,,,,,,,,,,,,
,,,,,,,,,,,,,,,,,,
,,,,,,,,,,,,,,,,,,
,,,,,,,,,,,,,,,,,,
,,,,,,,,,,,,,,,,,,
,,,,,,,,,,,,,,,,,,
,,,,,,,,,,,,,,,,,,
,,,,,,,,,,,,,,,,,,
,,,,,,,,,,,,,,,,,,
,,,,,,,,,,,,,,,,,,
,,,,,,,,,,,,,,,,,,
,,,,,,,,,,,,,,,,,,
,,,,,,,,,,,,,,,,,,
,,,,,,,,,,,,,,,,,,
,,,,,,,,,,,,,,,,,,
,,,,,,,,,,,,,,,,,,
,,,,,,,,,,,,,,,,,,
,,,,,,,,,,,,,,,,,,
,,,,,,,,,,,,,,,,,,
,,,,,,,,,,,,,,,,,,
,,,,,,,,,,,,,,,,,,
,,,,,,,,,,,,,,,,,,
,,,,,,,,,,,,,,,,,,
,,,,,,,,,,,,,,,,,,
,,,,,,,,,,,,,,,,,,
,,,,,,,,,,,,,,,,,,
,,,,,,,,,,,,,,,,,,
,,,,,,,,,,,,,,,,,,
,,,,,,,,,,,,,,,,,,
,,,,,,,,,,,,,,,,,,
,,,,,,,,,,,,,,,,,,
,,,,,,,,,,,,,,,,,,
,,,,,,,,,,,,,,,,,,
,,,,,,,,,,,,,,,,,,
,,,,,,,,,,,,,,,,,,
,,,,,,,,,,,,,,,,,,
,,,,,,,,,,,,,,,,,,
,,,,,,,,,,,,,,,,,,
,,,,,,,,,,,,,,,,,,
,,,,,,,,,,,,,,,,,,
,,,,,,,,,,,,,,,,,,
,,,,,,,,,,,,,,,,,,
,,,,,,,,,,,,,,,,,,
,,,,,,,,,,,,,,,,,,
,,,,,,,,,,,,,,,,,,
,,,,,,,,,,,,,,,,,,
,,,,,,,,,,,,,,,,,,
,,,,,,,,,,,,,,,,,,
,,,,,,,,,,,,,,,,,,
,,,,,,,,,,,,,,,,,,
,,,,,,,,,,,,,,,,,,
,,,,,,,,,,,,,,,,,,
,,,,,,,,,,,,,,,,,,
,,,,,,,,,,,,,,,,,,
,,,,,,,,,,,,,,,,,,
,,,,,,,,,,,,,,,,,,
,,,,,,,,,,,,,,,,,,
,,,,,,,,,,,,,,,,,,
,,,,,,,,,,,,,,,,,,
,,,,,,,,,,,,,,,,,,
,,,,,,,,,,,,,,,,,,
,,,,,,,,,,,,,,,,,,
,,,,,,,,,,,,,,,,,,
,,,,,,,,,,,,,,,,,,
,,,,,,,,,,,,,,,,,,
,,,,,,,,,,,,,,,,,,
,,,,,,,,,,,,,,,,,,
,,,,,,,,,,,,,,,,,,
,,,,,,,,,,,,,,,,,,
,,,,,,,,,,,,,,,,,,
,,,,,,,,,,,,,,,,,,
,,,,,,,,,,,,,,,,,,
,,,,,,,,,,,,,,,,,,
,,,,,,,,,,,,,,,,,,
,,,,,,,,,,,,,,,,,,
,,,,,,,,,,,,,,,,,,
,,,,,,,,,,,,,,,,,,
,,,,,,,,,,,,,,,,,,
,,,,,,,,,,,,,,,,,,
,,,,,,,,,,,,,,,,,,
,,,,,,,,,,,,,,,,,,
,,,,,,,,,,,,,,,,,,
,,,,,,,,,,,,,,,,,,
,,,,,,,,,,,,,,,,,,
,,,,,,,,,,,,,,,,,,
,,,,,,,,,,,,,,,,,,
,,,,,,,,,,,,,,,,,,
,,,,,,,,,,,,,,,,,,
,,,,,,,,,,,,,,,,,,
,,,,,,,,,,,,,,,,,,
,,,,,,,,,,,,,,,,,,
,,,,,,,,,,,,,,,,,,
,,,,,,,,,,,,,,,,,,
,,,,,,,,,,,,,,,,,,
,,,,,,,,,,,,,,,,,,
,,,,,,,,,,,,,,,,,,
,,,,,,,,,,,,,,,,,,
,,,,,,,,,,,,,,,,,,
,,,,,,,,,,,,,,,,,,
,,,,,,,,,,,,,,,,,,
,,,,,,,,,,,,,,,,,,
,,,,,,,,,,,,,,,,,,
,,,,,,,,,,,,,,,,,,
,,,,,,,,,,,,,,,,,,
,,,,,,,,,,,,,,,,,,
,,,,,,,,,,,,,,,,,,
,,,,,,,,,,,,,,,,,,
,,,,,,,,,,,,,,,,,,
,,,,,,,,,,,,,,,,,,
,,,,,,,,,,,,,,,,,,
,,,,,,,,,,,,,,,,,,
,,,,,,,,,,,,,,,,,,
,,,,,,,,,,,,,,,,,,
,,,,,,,,,,,,,,,,,,
,,,,,,,,,,,,,,,,,,
,,,,,,,,,,,,,,,,,,
,,,,,,,,,,,,,,,,,,
,,,,,,,,,,,,,,,,,,
,,,,,,,,,,,,,,,,,,
,,,,,,,,,,,,,,,,,,
,,,,,,,,,,,,,,,,,,
,,,,,,,,,,,,,,,,,,
,,,,,,,,,,,,,,,,,,
,,,,,,,,,,,,,,,,,,
,,,,,,,,,,,,,,,,,,
,,,,,,,,,,,,,,,,,,
,,,,,,,,,,,,,,,,,,
,,,,,,,,,,,,,,,,,,
,,,,,,,,,,,,,,,,,,
,,,,,,,,,,,,,,,,,,
,,,,,,,,,,,,,,,,,,
,,,,,,,,,,,,,,,,,,
,,,,,,,,,,,,,,,,,,
,,,,,,,,,,,,,,,,,,
,,,,,,,,,,,,,,,,,,
,,,,,,,,,,,,,,,,,,
,,,,,,,,,,,,,,,,,,
,,,,,,,,,,,,,,,,,,
,,,,,,,,,,,,,,,,,,
,,,,,,,,,,,,,,,,,,
,,,,,,,,,,,,,,,,,,
,,,,,,,,,,,,,,,,,,
,,,,,,,,,,,,,,,,,,
,,,,,,,,,,,,,,,,,,
,,,,,,,,,,,,,,,,,,
,,,,,,,,,,,,,,,,,,
,,,,,,,,,,,,,,,,,,
,,,,,,,,,,,,,,,,,,
,,,,,,,,,,,,,,,,,,
,,,,,,,,,,,,,,,,,,
,,,,,,,,,,,,,,,,,,
,,,,,,,,,,,,,,,,,,
,,,,,,,,,,,,,,,,,,
,,,,,,,,,,,,,,,,,,
,,,,,,,,,,,,,,,,,,
,,,,,,,,,,,,,,,,,,
,,,,,,,,,,,,,,,,,,
,,,,,,,,,,,,,,,,,,
,,,,,,,,,,,,,,,,,,
,,,,,,,,,,,,,,,,,,
,,,,,,,,,,,,,,,,,,
,,,,,,,,,,,,,,,,,,
,,,,,,,,,,,,,,,,,,
,,,,,,,,,,,,,,,,,,
,,,,,,,,,,,,,,,,,,
,,,,,,,,,,,,,,,,,,
,,,,,,,,,,,,,,,,,,
,,,,,,,,,,,,,,,,,,
,,,,,,,,,,,,,,,,,,
,,,,,,,,,,,,,,,,,,
,,,,,,,,,,,,,,,,,,
,,,,,,,,,,,,,,,,,,
,,,,,,,,,,,,,,,,,,
,,,,,,,,,,,,,,,,,,
,,,,,,,,,,,,,,,,,,
,,,,,,,,,,,,,,,,,,
,,,,,,,,,,,,,,,,,,
,,,,,,,,,,,,,,,,,,
,,,,,,,,,,,,,,,,,,
,,,,,,,,,,,,,,,,,,
,,,,,,,,,,,,,,,,,,
,,,,,,,,,,,,,,,,,,
,,,,,,,,,,,,,,,,,,
,,,,,,,,,,,,,,,,,,
,,,,,,,,,,,,,,,,,,
,,,,,,,,,,,,,,,,,,
,,,,,,,,,,,,,,,,,,
,,,,,,,,,,,,,,,,,,
,,,,,,,,,,,,,,,,,,
,,,,,,,,,,,,,,,,,,
,,,,,,,,,,,,,,,,,,
,,,,,,,,,,,,,,,,,,
,,,,,,,,,,,,,,,,,,
,,,,,,,,,,,,,,,,,,
,,,,,,,,,,,,,,,,,,
,,,,,,,,,,,,,,,,,,
,,,,,,,,,,,,,,,,,,
,,,,,,,,,,,,,,,,,,
,,,,,,,,,,,,,,,,,,
,,,,,,,,,,,,,,,,,,
,,,,,,,,,,,,,,,,,,
,,,,,,,,,,,,,,,,,,
,,,,,,,,,,,,,,,,,,
,,,,,,,,,,,,,,,,,,
,,,,,,,,,,,,,,,,,,
,,,,,,,,,,,,,,,,,,
,,,,,,,,,,,,,,,,,,
,,,,,,,,,,,,,,,,,,
,,,,,,,,,,,,,,,,,,
,,,,,,,,,,,,,,,,,,
,,,,,,,,,,,,,,,,,,
,,,,,,,,,,,,,,,,,,
,,,,,,,,,,,,,,,,,,
,,,,,,,,,,,,,,,,,,
,,,,,,,,,,,,,,,,,,
,,,,,,,,,,,,,,,,,,
,,,,,,,,,,,,,,,,,,
,,,,,,,,,,,,,,,,,,
,,,,,,,,,,,,,,,,,,
,,,,,,,,,,,,,,,,,,
,,,,,,,,,,,,,,,,,,
,,,,,,,,,,,,,,,,,,
,,,,,,,,,,,,,,,,,,
,,,,,,,,,,,,,,,,,,
,,,,,,,,,,,,,,,,,,
,,,,,,,,,,,,,,,,,,
,,,,,,,,,,,,,,,,,,
,,,,,,,,,,,,,,,,,,
,,,,,,,,,,,,,,,,,,
,,,,,,,,,,,,,,,,,,
,,,,,,,,,,,,,,,,,,
,,,,,,,,,,,,,,,,,,
,,,,,,,,,,,,,,,,,,
,,,,,,,,,,,,,,,,,,
,,,,,,,,,,,,,,,,,,
,,,,,,,,,,,,,,,,,,
,,,,,,,,,,,,,,,,,,
,,,,,,,,,,,,,,,,,,
,,,,,,,,,,,,,,,,,,
,,,,,,,,,,,,,,,,,,
,,,,,,,,,,,,,,,,,,
,,,,,,,,,,,,,,,,,,
,,,,,,,,,,,,,,,,,,
,,,,,,,,,,,,,,,,,,
,,,,,,,,,,,,,,,,,,
,,,,,,,,,,,,,,,,,,
,,,,,,,,,,,,,,,,,,
,,,,,,,,,,,,,,,,,,
,,,,,,,,,,,,,,,,,,
,,,,,,,,,,,,,,,,,,
,,,,,,,,,,,,,,,,,,
,,,,,,,,,,,,,,,,,,
,,,,,,,,,,,,,,,,,,
,,,,,,,,,,,,,,,,,,
,,,,,,,,,,,,,,,,,,
,,,,,,,,,,,,,,,,,,
,,,,,,,,,,,,,,,,,,
,,,,,,,,,,,,,,,,,,
,,,,,,,,,,,,,,,,,,
,,,,,,,,,,,,,,,,,,
,,,,,,,,,,,,,,,,,,
,,,,,,,,,,,,,,,,,,
,,,,,,,,,,,,,,,,,,
,,,,,,,,,,,,,,,,,,
,,,,,,,,,,,,,,,,,,
,,,,,,,,,,,,,,,,,,
,,,,,,,,,,,,,,,,,,
,,,,,,,,,,,,,,,,,,
,,,,,,,,,,,,,,,,,,
,,,,,,,,,,,,,,,,,,
,,,,,,,,,,,,,,,,,,
,,,,,,,,,,,,,,,,,,
,,,,,,,,,,,,,,,,,,
,,,,,,,,,,,,,,,,,,
,,,,,,,,,,,,,,,,,,
,,,,,,,,,,,,,,,,,,
,,,,,,,,,,,,,,,,,,
,,,,,,,,,,,,,,,,,,
,,,,,,,,,,,,,,,,,,
,,,,,,,,,,,,,,,,,,
,,,,,,,,,,,,,,,,,,
,,,,,,,,,,,,,,,,,,
,,,,,,,,,,,,,,,,,,
,,,,,,,,,,,,,,,,,,
,,,,,,,,,,,,,,,,,,
,,,,,,,,,,,,,,,,,,
,,,,,,,,,,,,,,,,,,
,,,,,,,,,,,,,,,,,,
,,,,,,,,,,,,,,,,,,
,,,,,,,,,,,,,,,,,,
,,,,,,,,,,,,,,,,,,
,,,,,,,,,,,,,,,,,,
,,,,,,,,,,,,,,,,,,
,,,,,,,,,,,,,,,,,,
,,,,,,,,,,,,,,,,,,
,,,,,,,,,,,,,,,,,,
,,,,,,,,,,,,,,,,,,
,,,,,,,,,,,,,,,,,,
,,,,,,,,,,,,,,,,,,
,,,,,,,,,,,,,,,,,,
,,,,,,,,,,,,,,,,,,